review,sentiment,cleaned_reviews,Cluster
फिल्म में गानों के दृश्य में अनुष्का को माइक के सामने लक-दक कॉस्ट़्यूम में खड़े होकर गीतों के भाव को चेहरे पर लाना था।,neutral,फलम म गन क दशय म अनषक क मइक क समन लकदक कसटयम म खड हकर गत क भव क चहर पर लन थ,1
अतार्किक दृश्यों और भिड़ंत से फिल्म कमजोर हो गई है।,neutral,अतरकक दशय और भडत स फलम कमजर ह गई ह,1
डिंपल कपाड़िया लाउड परफारमेंस के बावजूद फिल्म की जरूरत पूरी करने में असफल रही हैं।,neutral,डपल कपड़य लउड परफरमस क बवजद फलम क जररत पर करन म असफल रह ह,1
डांस से जुड़ी इस फिल्म का संगीत कमजोर है।,neutral,डस स जड इस फलम क सगत कमजर ह,1
फिल्म में अनेक विसंगतियां हैं।,neutral,फलम म अनक वसगतय ह,1
यही बात इस फिल्म को सुंदर बनाती है।,neutral,यह बत इस फलम क सदर बनत ह,1
फिल्म के निर्माता और मेन लीड सचिन जोशी ने भरपूर मेहनत की है।,neutral,फलम क नरमत और मन लड सचन जश न भरपर महनत क ह,1
नायिका प्रधान होने के बावजूद यह महिला प्रधान फिल्म नहीं है।,neutral,नयक परधन हन क बवजद यह महल परधन फलम नह ह,1
"हिंदी फिल्मों में ऐसी अभिनेत्रियों की कमी है, जो अपनी देह को लेकर स्वच्छंद और मुक्त हों।",neutral,हद फलम म ऐस अभनतरय क कम ह ज अपन दह क लकर सवचछद और मकत ह,1
लेखक-निर्देशक ने फिल्म की साइड स्टोरी के रूप में विक्की की दादी और मां के बीच के अनोखे रिश्ते और आसिमा के पिता के माडर्न दृष्टिकोण को बहुत अच्छे तरीके से चित्रित किया है।,neutral,लखकनरदशक न फलम क सइड सटर क रप म वकक क दद और म क बच क अनख रशत और आसम क पत क मडरन दषटकण क बहत अचछ तरक स चतरत कय ह,1
इस फिल्म में सुगंधा की भूमिका में नंदना सेन अचंभित करती हैं।,neutral,इस फलम म सगध क भमक म नदन सन अचभत करत ह,1
फिल्म किरदारों के सहारे कथ्य के प्रभाव को बढ़ाती है।,neutral,फलम करदर क सहर कथय क परभव क बढत ह,1
हिंदी फिल्मों में किरदारों के बारे में बताने के लिए कुछ सीन खर्च करने पड़ते हैं।,neutral,हद फलम म करदर क बर म बतन क लए कछ सन खरच करन पड़त ह,1
मजेदार तथ्य है कि इस फिल्म का लेखन और निर्देशन उन्होंने अकेले किया है।,neutral,मजदर तथय ह क इस फलम क लखन और नरदशन उनहन अकल कय ह,1
"इस फिल्म में लीजा हेडन, पीयूष मिश्रा और सुब्रत दत्ता की अतिरित तारीफ करनी होगी।",neutral,इस फलम म लज हडन पयष मशर और सबरत दतत क अतरत तरफ करन हग,1
फिल्म दक्षिणी दिल्ली में सेट है।,neutral,फलम दकषण दलल म सट ह,1
धर्म पर इधर कई फिल्में आई हैं।,neutral,धरम पर इधर कई फलम आई ह,1
"जैकी के लिए वाशु ने किसी जानी - मानी हीरोइन को भी नहीं लिया , शायद यह सोचकर कि कहीं बेटा पीछे न रह जाए। सत्तर - अस्सी के दशक में अमिताभ बच्चन को लीड रोल में लेकर कई सुपरहिट फिल्में बना चुके मनमोहन देसाई की पोती वैशाली देसाई ने भी इस फिल्म से करियर की शुरुआत की। वैसे , जैकी ने कैमरा फेस करने से पहले डांस और ऐक्शन जैसी तमाम ट्रेनिंग ली , वहीं वैशाली बिना किसी तैयारी के कैमरे के सामने आईं। लेकिन कहानी में नयापन न होने और कमजोर रफ्तार की वजह से फिल्म दर्शकों को एकटक स्क्रीन में देखने के लिए मजदूर नहीं कर पाई।",neutral,जक क लए वश न कस जन  मन हरइन क भ नह लय  शयद यह सचकर क कह बट पछ न रह जए सततर  असस क दशक म अमतभ बचचन क लड रल म लकर कई सपरहट फलम बन चक मनमहन दसई क पत वशल दसई न भ इस फलम स करयर क शरआत क वस  जक न कमर फस करन स पहल डस और ऐकशन जस तमम टरनग ल  वह वशल बन कस तयर क कमर क समन आई लकन कहन म नयपन न हन और कमजर रफतर क वजह स फलम दरशक क एकटक सकरन म दखन क लए मजदर नह कर पई,1
फिल्म वर्तमान पर कटाक्ष करने के साथ अपने दौर को भी नहीं बख्शती।,neutral,फलम वरतमन पर कटकष करन क सथ अपन दर क भ नह बखशत,1
ऐसे में सलमान की इस मेगा बजट फिल्म में हर ऐसा मसाला मौजूद है जो फ्रंट क्लास और मसाला फिल्मों के शौकीनों को पसंद है।,neutral,ऐस म सलमन क इस मग बजट फलम म हर ऐस मसल मजद ह ज फरट कलस और मसल फलम क शकन क पसद ह,1
गाने फिल्म में ठूंसे गए हैं।,neutral,गन फलम म ठस गए ह,1
इस फिल्म के निर्देशक अहिशोर सोलोमन हैं।,neutral,इस फलम क नरदशक अहशर सलमन ह,1
सचिन मराठी फिल्मों और नाटकों के अच्छे निर्देशक माने जाते हैं।,neutral,सचन मरठ फलम और नटक क अचछ नरदशक मन जत ह,1
इस फिल्म में इरफान और आदिल हुसैन पैबंद की तरह नजर आते हैं।,neutral,इस फलम म इरफन और आदल हसन पबद क तरह नजर आत ह,1
"मनीष गुप्ता की 'रहस्य' हत्या की गुत्थियों को सुलझाती फिल्म है, जिसमें कुछ कलाकारों ने बेहतरीन परफॉर्मेंस की हैं।",neutral,मनष गपत क रहसय हतय क गतथय क सलझत फलम ह जसम कछ कलकर न बहतरन परफरमस क ह,1
पीरियड फिल्मों के लिए आवश्यक तत्वों को जुटाने-दिखाने में घालमेल है।,neutral,परयड फलम क लए आवशयक ततव क जटनदखन म घलमल ह,1
फिल्म का गीत-संगीत प्रभावशाली है।,neutral,फलम क गतसगत परभवशल ह,1
फिल्म में गीत-संगीत का उपयोग नहीं के बराबर है।,neutral,फलम म गतसगत क उपयग नह क बरबर ह,1
फिल्म के इस प्रहसन में बंगाली निर्देशक बने सुब्रत दत्ता ने उत्प्रेरक का काम किया है।,neutral,फलम क इस परहसन म बगल नरदशक बन सबरत दतत न उतपररक क कम कय ह,1
"फिल्म का हर कलाकार कैमरे के सामने अपने रटे रटाए डायलॉग बोलता नजर आता है। हीरो असीम मर्चेंट फिल्म में डॉक्टर बने हैं , लेकिन पूरी फिल्म में डॉक्टर कम नाकाम प्रेमी ज्यादा लगे हैं। असीम के चेहरे पर तो न कोई भाव आता है और न ही उनकी ऐक्टिंग में दम है। पूरी फिल्म ग्रेसी के आसपास है , लेकिन उनकी ऐक्टिंग भी ठहरी हुई और चेहरा बुझा - बुझा लगता है।",neutral,फलम क हर कलकर कमर क समन अपन रट रटए डयलग बलत नजर आत ह हर असम मरचट फलम म डकटर बन ह  लकन पर फलम म डकटर कम नकम परम जयद लग ह असम क चहर पर त न कई भव आत ह और न ह उनक ऐकटग म दम ह पर फलम गरस क आसपस ह  लकन उनक ऐकटग भ ठहर हई और चहर बझ  बझ लगत ह,1
"फिल्म स्टार, फिल्में, प्रोड्यूसर और डायरेक्टर का अलग ढर्रा था।",neutral,फलम सटर फलम परडयसर और डयरकटर क अलग ढरर थ,1
इस फिल्म का गीत-संगीत कमजोर है।,neutral,इस फलम क गतसगत कमजर ह,1
अभिषेक चौबे और विशाल भारद्वाज ने फिल्म की चुस्त पटकथा में रोमांच बनाए रखा है।,neutral,अभषक चब और वशल भरदवज न फलम क चसत पटकथ म रमच बनए रख ह,1
फिल्म 'अइया' की कहानी एक मराठी परिवार की लड़की मीनाक्षी यानी रानी मुखर्जी के ही इर्द गिर्द घूमती है।,neutral,फलम अइय क कहन एक मरठ परवर क लडक मनकष यन रन मखरज क ह इरद गरद घमत ह,1
फिल्म यह सवाल भी उठाती है कि क्या एक आम चेहरे-मोहरे वाला शख्स कभी सुपरस्टार नहीं बन सकता?,neutral,फलम यह सवल भ उठत ह क कय एक आम चहरमहर वल शखस कभ सपरसटर नह बन सकत,1
डांस जोनर की यह फिल्म किशोर और युवा दर्शकों की रुचि का खयाल रखती है।,neutral,डस जनर क यह फलम कशर और यव दरशक क रच क खयल रखत ह,1
नोलान की पिछली फिल्मों की तरह इस फिल्म में भी नकारात्मक चरित्र नायक पर भारी रहा है।,neutral,नलन क पछल फलम क तरह इस फलम म भ नकरतमक चरतर नयक पर भर रह ह,1
मंजुनाथ का व्यक्तित्व इस फिल्म के माध्यम सक हमारे जमीर को झकझोरता है।,neutral,मजनथ क वयकततव इस फलम क मधयम सक हमर जमर क झकझरत ह,1
उन्नीसवीं सदी की मुंबई की बोली और माहौल रचने में भी फिल्म की टीम की मेहनत सराहनीय है।,neutral,उननसव सद क मबई क बल और महल रचन म भ फलम क टम क महनत सरहनय ह,1
वैसे पिछली फिल्म में भी उत्पल दत्त और एके हंगल थिएटर की पृष्ठभूमि के थे।,neutral,वस पछल फलम म भ उतपल दतत और एक हगल थएटर क पषठभम क थ,1
अग्ली' की कुरूपता समझने के लिए इन गीतों को फिल्म देखने के पहले या बाद में सुन लें तो पूरा नजरिया और संदर्भ मिल जाएगा।,neutral,अगल क करपत समझन क लए इन गत क फलम दखन क पहल य बद म सन ल त पर नजरय और सदरभ मल जएग,1
कथा विस्तार नहीं होने से फिल्म की रोचकता गहरी नहीं हो पाती।,neutral,कथ वसतर नह हन स फलम क रचकत गहर नह ह पत,1
इस फिल्म में शिल्पगत समस्याएं हैं।,neutral,इस फलम म शलपगत समसयए ह,1
छोटी सी कहानी होने के बावजूद डायरेक्टर दर्शकों को एंड तक फिल्म से बांध नहीं पाते,neutral,छट स कहन हन क बवजद डयरकटर दरशक क एड तक फलम स बध नह पत,1
उनके समर्थन और सहयोग से बनी कुछ फिल्में चर्चित भी हुई है।,neutral,उनक समरथन और सहयग स बन कछ फलम चरचत भ हई ह,1
"निर्देशक जैगम इमाम ने अपने ही लिखे उपन्यास 'दोजख' पर बनाई है यह फिल्म और इसका टाइटल भी इसके नाम पर ही रखा है, दोजख : इन सर्च ऑफ हेवेन।",neutral,नरदशक जगम इमम न अपन ह लख उपनयस दजख पर बनई ह यह फलम और इसक टइटल भ इसक नम पर ह रख ह दजख  इन सरच ऑफ हवन,1
"फिल्म में कहानी के नाम पर बॉलिवुड की दो सदाबहार सुपर हिट फिल्मों शोले और लगान का कचूमर निकाला गया है। अगर आप यह फिल्म देखने जा रहे हैं , तो इसमें कहानी मत तलाशिए।",neutral,फलम म कहन क नम पर बलवड क द सदबहर सपर हट फलम शल और लगन क कचमर नकल गय ह अगर आप यह फलम दखन ज रह ह  त इसम कहन मत तलशए,1
स्वानंद किरकिरे और विशाल भारद्वाज ने अपने संगीत से फिल्म के मूल भाव को गहराई दी है।,neutral,सवनद करकर और वशल भरदवज न अपन सगत स फलम क मल भव क गहरई द ह,1
आठवें-नौवें दशक की मसाला फिल्मों में नायक-खलनायक की जबरदस्त मुठभेड़ और डॉयलॉगबाजी होती थी।,neutral,आठवनव दशक क मसल फलम म नयकखलनयक क जबरदसत मठभड़ और डयलगबज हत थ,1
तब्बू का अभिनय फिल्म के लिए उचित है।,neutral,तबब क अभनय फलम क लए उचत ह,1
"आशु त्रिखा की फिल्म 'कोयलांचल' कुख्यात कोल माफिया की जमीन को टटोलती हुई एक ऐसे किरदार की कहानी कहती है, जिसकी क्रूरता एक शिशु की मासूम प्रतिक्रियाओं से बदल जाती है।",neutral,आश तरख क फलम कयलचल कखयत कल मफय क जमन क टटलत हई एक ऐस करदर क कहन कहत ह जसक कररत एक शश क मसम परतकरयओ स बदल जत ह,1
क्या यही सच है आत्मकथात्मक फिल्मों की कड़ी में बनी ईमानदार फिल्म है।,neutral,कय यह सच ह आतमकथतमक फलम क कड म बन ईमनदर फलम ह,1
सुसी गणेश ने अपनी तमिल फिल्म 'थिरूट्टु पायले' को हिंदी में 'शॉर्टकट रोमिया' टायटल के साथ पेश किया है।,neutral,सस गणश न अपन तमल फलम थरटट पयल क हद म शरटकट रमय टयटल क सथ पश कय ह,1
नागेश कुकुनूर ने एक सच्ची कहानी पर यह फिल्म बनाई है।,neutral,नगश ककनर न एक सचच कहन पर यह फलम बनई ह,1
यों नैतिकता के दबाव में निर्देशक ने फिल्म का क्लाइमेक्स रचा है।,neutral,य नतकत क दबव म नरदशक न फलम क कलइमकस रच ह,1
"सनी लियोन पॉर्न स्टार रही हैं, शायद ये बात निर्देशक के दिमाग में फिल्म बनाते समय हमेशा घूमती रही।",neutral,सन लयन परन सटर रह ह शयद य बत नरदशक क दमग म फलम बनत समय हमश घमत रह,1
उस फिल्म का नायक तीन लड़कियों से मिलता है।,neutral,उस फलम क नयक तन लडकय स मलत ह,1
कुल मिला कर 'तेवर' शुद्ध मसाला फिल्मों के मानदंड पर खरी उतरती है।,neutral,कल मल कर तवर शदध मसल फलम क मनदड पर खर उतरत ह,1
"साधारण फिल्मों में भी कुछ दृश्य, गीत और सिक्वेंस मिल जाते हैं,जिसे दर्शकों का मन बहल जाता है।",neutral,सधरण फलम म भ कछ दशय गत और सकवस मल जत हजस दरशक क मन बहल जत ह,1
हालांकि फिल्म स्टार्स के नाम पर फिल्म में कई चर्चित चेहरे हैं।,neutral,हलक फलम सटरस क नम पर फलम म कई चरचत चहर ह,1
किसी भी पूर्वधारणा से बचाने के लिए फिल्म में परिचित कलाकारों को नहीं लिया गया है।,neutral,कस भ परवधरण स बचन क लए फलम म परचत कलकर क नह लय गय ह,1
"फिल्म का अप्रोच कॉमिकल है और विषय राजनीतिक मुद्दे की अधूरी समझ से गढ़ा गया है, इसलिए फिल्म का घालमेल निराश करता है।",neutral,फलम क अपरच कमकल ह और वषय रजनतक मदद क अधर समझ स गढ गय ह इसलए फलम क घलमल नरश करत ह,1
फिल्म को तो लोग ज्यादा पसंद कर नहीं रहे,neutral,फलम क त लग जयद पसद कर नह रह,1
"हिंदी फिल्मों में स्क्रिप्ट लेखन का यह खास कौशल है, जो पॉपुलर स्टार की फिल्मों में आजमाया जाता है।",neutral,हद फलम म सकरपट लखन क यह खस कशल ह ज पपलर सटर क फलम म आजमय जत ह,1
"फिल्म के तकनीकी पक्ष में अधिक मेहनत नहीं की गई है, इसलिए पूरी कोशिश साधारण रह जाती है।",neutral,फलम क तकनक पकष म अधक महनत नह क गई ह इसलए पर कशश सधरण रह जत ह,1
अनुराग कश्यप की ‘बॉम्बे वेल्वेट’ हिंदी की बेहतरीन फिल्मों में शुमार होगी।,neutral,अनरग कशयप क बमब वलवट हद क बहतरन फलम म शमर हग,1
रजनीश ठाकुर की फिल्म मेरे दोस्त पिक्चर अभी है का विषय रोचक और प्रासंगिक है।,neutral,रजनश ठकर क फलम मर दसत पकचर अभ ह क वषय रचक और परसगक ह,1
"दरअसल, इस गीत के बोल में अनुराग कश्यप की फिल्म का सार है।",neutral,दरअसल इस गत क बल म अनरग कशयप क फलम क सर ह,1
"और हां, हिमेश रेशमिया की गायकी और मौसिकी भी हैं इस फिल्म में।",neutral,और ह हमश रशमय क गयक और मसक भ ह इस फलम म,1
3 डी रूपांतरण के साथ फिल्म के गीत और पाश्‌र्र्व संगीत को रिक्रिएट किया गया है।,neutral, ड रपतरण क सथ फलम क गत और पशररव सगत क रकरएट कय गय ह,1
वे इस फिल्म में भी सफल हैं।,neutral,व इस फलम म भ सफल ह,1
गट्टू अत्यंत मासूम फिल्म है।,neutral,गटट अतयत मसम फलम ह,1
पटकथा के बिखराव से फिल्म का रोमांच भी कम होता है।,neutral,पटकथ क बखरव स फलम क रमच भ कम हत ह,1
फिल्म के मुताबिक राजा रवि वर्मा की आर्थिक मदद से ही फालके फिल्म निर्माण में सक्रिय हुए थे।,neutral,फलम क मतबक रज रव वरम क आरथक मदद स ह फलक फलम नरमण म सकरय हए थ,1
"फिल्म में खामोशी, खामोशी का शोर और खामोशी का जहां जैसे शब्दों का प्रयोग बार-बार हुआ है।",neutral,फलम म खमश खमश क शर और खमश क जह जस शबद क परयग बरबर हआ ह,1
"कांजीवरम', 'विरासत', 'हेरा फेरी', 'भूल भुलैया', 'हंगामा', 'हलचल' और 'गर्दिश' जैसी फिल्मों के निर्देशन कर चुके प्रियदर्शन से इस तरह के सिनेमा की उम्मीद तो बिल्कुल भी नहीं है।",neutral,कजवरम वरसत हर फर भल भलय हगम हलचल और गरदश जस फलम क नरदशन कर चक परयदरशन स इस तरह क सनम क उममद त बलकल भ नह ह,1
"इस फिल्म में हालांकि अनेक किरदार हैं, लेकिन गौर करें तो मुख्तार के इर्द-गिर्द ही कहानी चलती है।",neutral,इस फलम म हलक अनक करदर ह लकन गर कर त मखतर क इरदगरद ह कहन चलत ह,1
"इतने बरस बाद राजेश खन्ना की वापसी तो हुई , पर वह काफी निराशाजनक रही। समझ में यह बात नहीं आती कि अपने समय के सुपर स्टार रहे राजेश खन्ना की ऐसी कौन-सी मजबूरी थी कि उन्होंने यह फिल्म साइन की। इस फिल्म में 22 साल की खूबसूरत सारा खान ने 70 साल के काका से शानदार मुकाबला किया है। कह सकते हैं कि काका को कैमरा फेस करने से पहले कुछ तैयारी करनी चाहिए थी।",neutral,इतन बरस बद रजश खनन क वपस त हई  पर वह कफ नरशजनक रह समझ म यह बत नह आत क अपन समय क सपर सटर रह रजश खनन क ऐस कनस मजबर थ क उनहन यह फलम सइन क इस फलम म  सल क खबसरत सर खन न  सल क कक स शनदर मकबल कय ह कह सकत ह क कक क कमर फस करन स पहल कछ तयर करन चहए थ,1
फिल्में में कथ्य और विषय-वस्तु के तौर पर कोई नयापन नहीं है।,neutral,फलम म कथय और वषयवसत क तर पर कई नयपन नह ह,1
"फिल्म उन लोगों की सोच पर करारा व्यंग्य करती है , जो जनता को सिर्फ वोट हासिल करने और सत्ता प्राप्ति का एक जरिया समझते हैं।",neutral,फलम उन लग क सच पर करर वयगय करत ह  ज जनत क सरफ वट हसल करन और सतत परपत क एक जरय समझत ह,1
इस जटिल समस्या का फिल्म के कुछ किरदारों में सरलीकरण कर लेखक-निर्देशक ने हल खोज लिया है।,neutral,इस जटल समसय क फलम क कछ करदर म सरलकरण कर लखकनरदशक न हल खज लय ह,1
फिल्म का प्रेजन्टेशन दर्शाता है कि ये फिल्म भी जेम्स बॉन्ड मूवी की तरह ही सफल सीरीज बनती जा रही है।,neutral,फलम क परजनटशन दरशत ह क य फलम भ जमस बनड मव क तरह ह सफल सरज बनत ज रह ह,1
फिल्म के बेकग्राउंड में एक बात और निकलकर सामने आती है कि कूपर और डेनिएला की पर्सनालिटी बिलकुल अलग है।,neutral,फलम क बकगरउड म एक बत और नकलकर समन आत ह क कपर और डनएल क परसनलट बलकल अलग ह,1
फटा पोस्टर निकला हीरो' आठवें-नौवें दशक की फार्मूला फिल्मों की लीक पर चलती है।,neutral,फट पसटर नकल हर आठवनव दशक क फरमल फलम क लक पर चलत ह,1
मॉरीशस की लोकेशन से फिल्म में खूबसूरती आ गई है।,neutral,मरशस क लकशन स फलम म खबसरत आ गई ह,1
इस साधारण फिल्म में लोकप्रिय कलाकारों की आवाज का सदुपयोग नहीं हो सका है।,neutral,इस सधरण फलम म लकपरय कलकर क आवज क सदपयग नह ह सक ह,1
डीनो फिल्म में विलेन बनकर रह गए,neutral,डन फलम म वलन बनकर रह गए,1
शोले' अपने समय की मल्टीस्टारर फिल्म थी।,neutral,शल अपन समय क मलटसटरर फलम थ,1
स्टारों के प्रभाव से फिल्म को बचाने की जोखिम में वाई. पी. सिंह ने साधारण कलाकारों से काम लिया है।,neutral,सटर क परभव स फलम क बचन क जखम म वई प सह न सधरण कलकर स कम लय ह,1
हॉरर और सेक्स के मेल से आम दर्शकों के मनोरंजन के लिए बनी यह फिल्म अपने मकसद में सफल रहती है।,neutral,हरर और सकस क मल स आम दरशक क मनरजन क लए बन यह फलम अपन मकसद म सफल रहत ह,1
फिल्म का एक गाना 'कभी जो बादल बरसे' लोगों के जहन में रहेगा।,neutral,फलम क एक गन कभ ज बदल बरस लग क जहन म रहग,1
"हिम्मतवाला में वे पिछली फिल्मों से ज्यादा सरल, सतही, तर्कहीन और फूहड़ अंदाज में अपने किरदारों को लेकर आए हैं।",neutral,हममतवल म व पछल फलम स जयद सरल सतह तरकहन और फहड़ अदज म अपन करदर क लकर आए ह,1
सामान्य फिल्मों में ऐसे दृश्य और व्यवहार देखे जा चुके हैं।,neutral,समनय फलम म ऐस दशय और वयवहर दख ज चक ह,1
इस फिल्म में रामू ने अपनी ही फिल्म रंगीला के एक गीत का अत्यंत प्रासंगिक  उपयोग  किया है।,neutral,इस फलम म रम न अपन ह फलम रगल क एक गत क अतयत परसगक  उपयग  कय ह,1
अगर उसे नजरअंदाज कर दें तो बिट्टू बॉस  रोचक और मनोरंजक फिल्म है।,neutral,अगर उस नजरअदज कर द त बटट बस  रचक और मनरजक फलम ह,1
विक्की डोनर दर्शनीय फिल्म है।,neutral,वकक डनर दरशनय फलम ह,1
कारण कि इस फिल्म में ऐसा कुछ नहीं जो उनकी पुरानी फिल्मों की याद दिलाए।,neutral,करण क इस फलम म ऐस कछ नह ज उनक परन फलम क यद दलए,1
फिल्म के नायक या मुख्य अभिनेता परेश रावल हैं।,neutral,फलम क नयक य मखय अभनत परश रवल ह,1
इस फिल्म की कॉमेडी आनी वास्तविकता और यथार्थपूर्ण चित्रण से ब्लैक कॉमेडी की ओर सरकती दिखती है।,neutral,इस फलम क कमड आन वसतवकत और यथरथपरण चतरण स बलक कमड क ओर सरकत दखत ह,1
"इंडस्ट्री में ऐसे कम ही लोग मिलेंगे , जो अपनी पूरी हो चुकी फिल्म को सिर्फ एक स्टार की वजह से डिब्बे में बंद कर देते हैं।",neutral,इडसटर म ऐस कम ह लग मलग  ज अपन पर ह चक फलम क सरफ एक सटर क वजह स डबब म बद कर दत ह,1
फिल्म डायरेक्टर और टीवी शो में जज बने मोहनीश बहल ने निराश किया।,neutral,फलम डयरकटर और टव श म जज बन महनश बहल न नरश कय,1
फिर भी क्लासिक फिल्मों के रीमेक से बेहतर प्रयास उसका रिस्टोरेशन या रूपांतरण है।,neutral,फर भ कलसक फलम क रमक स बहतर परयस उसक रसटरशन य रपतरण ह,1
अफसोस फिल्म में सलमान और अजय देवगन के बीच में वह खोकर रह गईं।,neutral,अफसस फलम म सलमन और अजय दवगन क बच म वह खकर रह गई,1
शहर की खूबसूरती और भव्यता भी फिल्म में प्रभाव में सहायक बनती है।,neutral,शहर क खबसरत और भवयत भ फलम म परभव म सहयक बनत ह,1
पिछले कुछ अर्से से हर चौथी मेगा बजट मल्टिस्टारर फिल्म से प्रीतम का नाम जुड़ता है। ऐसे में उनके संगीत से अब मेलोडी गायब होने लगी है। फिल्म का गाना क्यूं पैसे पे तू मरती है को छोड़ दिया जाए तो बाकी सभी गाने समझ से परे हैं।,neutral,पछल कछ अरस स हर चथ मग बजट मलटसटरर फलम स परतम क नम जडत ह ऐस म उनक सगत स अब मलड गयब हन लग ह फलम क गन कय पस प त मरत ह क छड दय जए त बक सभ गन समझ स पर ह,1
फिल्म का निर्देशन खराब है और कंटीन्यूटी तक का भी ख्याल नहीं रखा गया है।,neutral,फलम क नरदशन खरब ह और कटनयट तक क भ खयल नह रख गय ह,1
"Chandermohan.sharma@timesgroup.com अगर आप सेंसर सर्टिफिकेट में इस फिल्म का टाइटल देखेंगे तो इस फिल्म का नाम 'दूरंतो' लिखा नजर आता है। इसी टाइटल से इस फिल्म ने राष्ट्रीय फिल्म पुरस्कारों में बेस्ट चिल्ड्रन्स फिल्म का अवॉर्ड हासिल किया था। कमर्शल रिलीज करने के लिए टाइटल बदलकर 'बुधिया सिंह : बॉर्न टु रन' कर दिया गया, ताकि बॉक्स ऑफिस पर बुधिया के नाम का कुछ फायदा मिल सके। यह फिल्म एक ऐसे बच्चे के इर्द-गिर्द घूमती है, जो 9-10 साल पहले तक मीडिया की सुर्खियों में छाया हुआ था। चार-पांच साल के आदिवासी बच्चे बुधिया पर बेस्ड इस फिल्म को डायरेक्टर ने पूरी ईमानदारी के साथ बनाया है। अजीब विडंबना यह है कि दस साल पहले जिस बच्चे को 2016 में ओलिंपिक में भारत की ओर से गोल्ड का दावेदार माना जा रहा था, वह दावेदार अब गुमनामी के अंधेरे में गुम हो चुका है। बुधिया सिंह अब भुवनेश्वर के कलिंगा स्टेडियम स्पोर्ट्स अथॉरिटी के हॉस्टल में रहता है और उसकी मां भुवनेश्वर की सालियासाही झोपड़पट्टी में रहती हैं। फिल्मी खबरें पढ़ें फेसबुक पर, लाइक करें NBT MOVIES ​ बुधिया की मैराथन हमेशा के लिए बंद हो गई है, बेशक सरकार बुधिया की पढ़ाई एक अंग्रेजी मीडियम स्कूल में करवा रही है, लेकिन बुधिया यहां खुद को बंधा हुआ पाता है। कोच अब उसे अधिकतम 1500 मीटर की रेस ही दौड़ने की तैयारी करवाते हैं, लेकिन 65 किलोमीटर में दौड़ चुके बुधिया को यह पसंद नहीं। आज बुधिया दस साल पहले वाला वंडरकिड नहीं रहा और हॉस्टल में रहने वाले दूसरे बच्चों जैसा बन गया है। दूसरी ओर बुधिया को लगता है कि वह आज भी कई किमी दौड़ सकता है, लेकिन उसे अब सरकार की ओर से सही ट्रेनिंग और डाइट नहीं मिलती है। इस फिल्म के बाद खेल संगठनों को बुधिया की थोड़ी भी याद आती है तो यही सबसे बड़ी उपलब्धि होगी। कहानी : करीब चार साल के बुधिया सिंह (मास्टर मयूर) को उसकी गरीब मां (तिलोत्तमा शोम ) ने कोच बिरंची दास को 800 रुपये में दे दिया था, क्योंकि वह उसका पेट नहीं पाल सकती थी। जूडो सेंटर चला रहे कोच बिरंची दास (मनोज बाजपेयी) ने बुधिया को अपनी सरपरस्ती में ले लिया।   एक दिन बुधिया ने सेंटर के एक बच्चे को गाली दी तो बिरंची ने उसे सजा के तौर पर सेंटर का चक्कर लगाने की सजा दी। उसके बाद वह वाइफ के साथ मार्केट चले गए। घंटों बाद लौटे तो देखा बुधिया वहीं पर घंटों से दौड़ रहा है। इसके बाद बिरंची को लगा बुधिया में दौड़ने की अद्भुत क्षमता है और उन्होंने बुधिया की खास ट्रेनिंग शुरू कर दी। इसी ट्रेनिंग और बुधिया की लगन का ही परिणाम था कि बुधिया ने 65 किमी की दूरी सिर्फ 7 घंटे 2 मिनट में दौड़कर पूरी कर ली। इसके बाद चाइल्ड वेलफेयर सहित कई खेल संगठनों में कब्जा जमाएं नेताओं और अफसरों के होश उड़ गए। बुधिया ने पुरी से भुवनेश्वर तक की जिस दूरी को दौड़कर पूरा किया वह दूरी मैराथन रेस से भी कहीं ज्यादा थी। इस दौड़ में बुधिया और उसके कोच के साथ शहर के हजारों लोग और सीआरपीएफ के जवान भी शामिल हुए। करीब चार साल के बुधिया सिंह का नाम सबसे कम उम्र के मैराथन रेसर के रूप में लिम्का बुक ऑफ रेकॉर्ड्स में दर्ज हुआ। इसके बाद ओडिसा सहित देश के हिस्सों में भी लोगों ने इस बच्चे को 2016 में होने वाले ओलिंपिक में स्वर्ण पदक का दावेदार घोषित कर दिया। वहीं ओडिसा के चाइल्ड वेलफेयर डिपार्टमेंट सहित दूसरे खेल संगठनों को यह सब रास नहीं आ रहा था। इस वजह से बुधिया के मेडिकल टेस्ट करवाए जाने लगे। निर्देशन : निर्देशक सौमेन्द्र पढ़ी कहीं भी सब्जेक्ट से नहीं भटके। स्टार्ट टु लास्ट तक उनकी फिल्म और किरदारों पर पूरी पकड़ है। हालांकि, इंटरवल से पहले फिल्म की सुस्त रफ्तार खटकती है तो वहीं फिल्म का कई सवालों का जवाब दिए बिना अचानक खत्म हो जाना दर्शकों पसंद नहीं आया। संगीत : फिल्म का संगीत कहानी और माहौल पर फिट है, बैकग्राउंड में फिल्माए गाने कहानी का हिस्सा हैं। क्यों देखें : खेल संगठन और नेता आपसी खींचतान के बीच एक उभरते हुए प्रतिभा सम्पन्न यंग खिलाड़ी के सपनों को कैसे तोड़ते हैं, इस फिल्म में आप देख सकते हैं। मास्टर मयूर की बेहतरीन ऐक्टिंग फिल्म का प्लस पॉइंट है।",neutral,chandermohansharmatimesgroupcom अगर आप ससर सरटफकट म इस फलम क टइटल दखग त इस फलम क नम दरत लख नजर आत ह इस टइटल स इस फलम न रषटरय फलम परसकर म बसट चलडरनस फलम क अवरड हसल कय थ कमरशल रलज करन क लए टइटल बदलकर बधय सह  बरन ट रन कर दय गय तक बकस ऑफस पर बधय क नम क कछ फयद मल सक यह फलम एक ऐस बचच क इरदगरद घमत ह ज  सल पहल तक मडय क सरखय म छय हआ थ चरपच सल क आदवस बचच बधय पर बसड इस फलम क डयरकटर न पर ईमनदर क सथ बनय ह अजब वडबन यह ह क दस सल पहल जस बचच क  म ओलपक म भरत क ओर स गलड क दवदर मन ज रह थ वह दवदर अब गमनम क अधर म गम ह चक ह बधय सह अब भवनशवर क कलग सटडयम सपरटस अथरट क हसटल म रहत ह और उसक म भवनशवर क सलयसह झपडपटट म रहत ह फलम खबर पढ फसबक पर लइक कर nbt movies  बधय क मरथन हमश क लए बद ह गई ह बशक सरकर बधय क पढई एक अगरज मडयम सकल म करव रह ह लकन बधय यह खद क बध हआ पत ह कच अब उस अधकतम  मटर क रस ह दडन क तयर करवत ह लकन  कलमटर म दड चक बधय क यह पसद नह आज बधय दस सल पहल वल वडरकड नह रह और हसटल म रहन वल दसर बचच जस बन गय ह दसर ओर बधय क लगत ह क वह आज भ कई कम दड सकत ह लकन उस अब सरकर क ओर स सह टरनग और डइट नह मलत ह इस फलम क बद खल सगठन क बधय क थड भ यद आत ह त यह सबस बड उपलबध हग कहन  करब चर सल क बधय सह मसटर मयर क उसक गरब म तलततम शम  न कच बरच दस क  रपय म द दय थ कयक वह उसक पट नह पल सकत थ जड सटर चल रह कच बरच दस मनज बजपय न बधय क अपन सरपरसत म ल लय   एक दन बधय न सटर क एक बचच क गल द त बरच न उस सज क तर पर सटर क चककर लगन क सज द उसक बद वह वइफ क सथ मरकट चल गए घट बद लट त दख बधय वह पर घट स दड रह ह इसक बद बरच क लग बधय म दडन क अदभत कषमत ह और उनहन बधय क खस टरनग शर कर द इस टरनग और बधय क लगन क ह परणम थ क बधय न  कम क दर सरफ  घट  मनट म दडकर पर कर ल इसक बद चइलड वलफयर सहत कई खल सगठन म कबज जमए नतओ और अफसर क हश उड गए बधय न पर स भवनशवर तक क जस दर क दडकर पर कय वह दर मरथन रस स भ कह जयद थ इस दड म बधय और उसक कच क सथ शहर क हजर लग और सआरपएफ क जवन भ शमल हए करब चर सल क बधय सह क नम सबस कम उमर क मरथन रसर क रप म लमक बक ऑफ रकरडस म दरज हआ इसक बद ओडस सहत दश क हसस म भ लग न इस बचच क  म हन वल ओलपक म सवरण पदक क दवदर घषत कर दय वह ओडस क चइलड वलफयर डपरटमट सहत दसर खल सगठन क यह सब रस नह आ रह थ इस वजह स बधय क मडकल टसट करवए जन लग नरदशन  नरदशक समनदर पढ कह भ सबजकट स नह भटक सटरट ट लसट तक उनक फलम और करदर पर पर पकड ह हलक इटरवल स पहल फलम क ससत रफतर खटकत ह त वह फलम क कई सवल क जवब दए बन अचनक खतम ह जन दरशक पसद नह आय सगत  फलम क सगत कहन और महल पर फट ह बकगरउड म फलमए गन कहन क हसस ह कय दख  खल सगठन और नत आपस खचतन क बच एक उभरत हए परतभ समपनन यग खलड क सपन क कस तडत ह इस फलम म आप दख सकत ह मसटर मयर क बहतरन ऐकटग फलम क पलस पइट ह,1
पिछले दिनों साउथ की रीमेक के तौर पर बनी अन्य फिल्मों से यह इसी कारण भिन्न प्रभाव डालती है।,neutral,पछल दन सउथ क रमक क तर पर बन अनय फलम स यह इस करण भनन परभव डलत ह,1
अंतिम दृश्यों में आकर 'इंकार' साधारण और चालू फिल्म बन जाती है।,neutral,अतम दशय म आकर इकर सधरण और चल फलम बन जत ह,1
"प्रियदर्शन की फिल्में जिस सटीक एडिटिंग के लिए जानी जाती हैं, वह यहां नदारद हैं।",neutral,परयदरशन क फलम जस सटक एडटग क लए जन जत ह वह यह नदरद ह,1
"द एक्सपोज' में फिल्म स्टार और इंडस्ट्री की ईष्र्या, चालबाजी, साजिश, इगो, निराशा, प्रेम और बदले की भावना को लेखक-निर्देशक ने फिल्म की कहानी में घटनाओं के जरिए पिरोया है।",neutral,द एकसपज म फलम सटर और इडसटर क ईषरय चलबज सजश इग नरश परम और बदल क भवन क लखकनरदशक न फलम क कहन म घटनओ क जरए परय ह,1
बैकग्राउंड स्कोर के स्तर पर फिल्म कहीं से लाउड नहीं होती या सुपरहीरो की परंपरा फिल्मों जैसी नहीं लगती।,neutral,बकगरउड सकर क सतर पर फलम कह स लउड नह हत य सपरहर क परपर फलम जस नह लगत,1
इस फिल्म का वितान बड़ा नहीं है।,neutral,इस फलम क वतन बड नह ह,1
सनी लियोनी हिंदी फिल्मों में आने के पहले पोर्न स्टार रही हैं।,neutral,सन लयन हद फलम म आन क पहल परन सटर रह ह,1
ईष्र्या और हत्या का कमजोर आधार फिल्म के रहस्य और प्रभाव को कम करता है।,neutral,ईषरय और हतय क कमजर आधर फलम क रहसय और परभव क कम करत ह,1
रागिनी एमएमएस' की घटना से प्रभावित फिल्मकार उस खौफनाक घटना पर फिल्म बनाना चाहता हे।,neutral,रगन एमएमएस क घटन स परभवत फलमकर उस खफनक घटन पर फलम बनन चहत ह,1
"फिल्म निर्माण और अपने किरदार को जीने की प्रक्रिया में कई बार कलाकार फिल्म के सार से प्रभावित और डिस्टर्ब होते हैं, लेकिन उनमें से कुछ ही भूमिका निभाने की उधेड़बुन को यों प्रकट कर पाते हैं।",neutral,फलम नरमण और अपन करदर क जन क परकरय म कई बर कलकर फलम क सर स परभवत और डसटरब हत ह लकन उनम स कछ ह भमक नभन क उधडबन क य परकट कर पत ह,1
"अधिकांश हिंदी दर्शकों ने वह फिल्म नहीं देखी है, इसलिए उसका उल्लेख भी बेमानी है।",neutral,अधकश हद दरशक न वह फलम नह दख ह इसलए उसक उललख भ बमन ह,1
फिल्म में गीता और कुरान का जिक्र आता है।,neutral,फलम म गत और करन क जकर आत ह,1
फिल्म ऊब पैदा करने तक दृश्यों को बढ़ाती चलती है।,neutral,फलम ऊब पद करन तक दशय क बढत चलत ह,1
फिल्म देखते समय यह एहसास नहीं रहता कि हम 2015 के कलाकारों को 1969 के किरदारों में देख रहे हैं।,neutral,फलम दखत समय यह एहसस नह रहत क हम  क कलकर क  क करदर म दख रह ह,1
फिल्म में सिवाय गोवा के बीचेज में बेहद कम कपड़ो में नहाती निशा कोठारी के अलावा कुछ नहीं है.,neutral,फलम म सवय गव क बचज म बहद कम कपड म नहत नश कठर क अलव कछ नह ह,1
एक निहायत कमजोर फिल्म बन सकी है।,neutral,एक नहयत कमजर फलम बन सक ह,1
इस फिल्म की खूबी स्थानीयता है।,neutral,इस फलम क खब सथनयत ह,1
"एडल्ट कॉमेडी फिल्मों में सेक्स संबंधी हरकतें, प्रसंग और पहलू होते हैं।",neutral,एडलट कमड फलम म सकस सबध हरकत परसग और पहल हत ह,1
संगीत सिवन की क्लिक साधारण किस्म की डरावनी फिल्म है।,neutral,सगत सवन क कलक सधरण कसम क डरवन फलम ह,1
फिल्म में कई बार ऐसा महसूस होता है कि डायरेक्टर किसी शो रील को दिखा रहा है,neutral,फलम म कई बर ऐस महसस हत ह क डयरकटर कस श रल क दख रह ह,1
उसे एक संवाद से उनका किरदार फिल्म में कह जाता है।,neutral,उस एक सवद स उनक करदर फलम म कह जत ह,1
"प्रीतम का संगीत दमदार है। 
फिल्म का टाइटिल सॉन्ग ' जिस दिन मेरा ब्याह होवेगा ,' पहले से ही टॉप टेन में शामिल है।
श्रेयस तलपड़े कैमरामैन के रोल में फिट है",neutral,"परतम क सगत दमदर ह 
फलम क टइटल सनग  जस दन मर बयह हवग  पहल स ह टप टन म शमल ह
शरयस तलपड कमरमन क रल म फट ह",1
शुरू होते ही फिल्म दर्शकों को उस कालखंड में लेकर चली जाती है।,neutral,शर हत ह फलम दरशक क उस कलखड म लकर चल जत ह,1
"कहने को फिल्म थ्रिलर जॉनर की है, पर रोमांच, एक्शन, स्टंट यहां तक कि एक घूंसा भी चलाने की जहमत नहीं उठाई गई।",neutral,कहन क फलम थरलर जनर क ह पर रमच एकशन सटट यह तक क एक घस भ चलन क जहमत नह उठई गई,1
"जैकी भगनानी की यह फिल्म उनकी पिछली कुछ फिल्मों से बेहतर है, क्योंकि उन्हें एक सामान्य भूमिका मिली है।",neutral,जक भगनन क यह फलम उनक पछल कछ फलम स बहतर ह कयक उनह एक समनय भमक मल ह,1
"आज के युवा दर्शक इसकी कल्पना नहीं कर सकते, क्योंकि अभी की हिट फिल्में भी 240 शो पार करते-करते दम तोड़ देती हैं।",neutral,आज क यव दरशक इसक कलपन नह कर सकत कयक अभ क हट फलम भ  श पर करतकरत दम तड़ दत ह,1
जिसमें फिल्म इंस्टीट्यूट  पुणे के विजय वर्मा और नेशनल स्कूल ऑफ ड्रामा के अमितोष नागपाल प्रमुख हैं।,neutral,जसम फलम इसटटयट  पण क वजय वरम और नशनल सकल ऑफ डरम क अमतष नगपल परमख ह,1
इस फिल्म में हिंसा जघन्यतम रूप में दिखती है।,neutral,इस फलम म हस जघनयतम रप म दखत ह,1
कई फिल्में बनने के बाद महत्वपूर्ण और महान हो जाती हैं।,neutral,कई फलम बनन क बद महतवपरण और महन ह जत ह,1
फिल्म के नायक सूरज के मामा के अलावा किसी में भी अच्छाई नजर नहीं आती।,neutral,फलम क नयक सरज क मम क अलव कस म भ अचछई नजर नह आत,1
"यह फिल्म मनीष शर्मा की शैली और यशराज की सोच की खिचड़ी के रूप में सामने आती है, जिसमें ठगी का तड़का डाला गया है।",neutral,यह फलम मनष शरम क शल और यशरज क सच क खचड क रप म समन आत ह जसम ठग क तडक डल गय ह,1
यह फिल्म बोरिंग है।,neutral,यह फलम बरग ह,1
फिल्म में ऐसी हरकतों के उपादान के लिए छह लड़कियां हैं।,neutral,फलम म ऐस हरकत क उपदन क लए छह लड़कय ह,1
"षमिताभ' की कहानी एक गूंगे शख्स की है, जो हिंदी फिल्म इंडस्ट्री का सुपरस्टार बन जाता है।",neutral,षमतभ क कहन एक गग शखस क ह ज हद फलम इडसटर क सपरसटर बन जत ह,1
वह दिन दूर नहीं जब वह एक फिल्म के लिए सात से आठ करोड़ मेहनताना मांगकर खान तिकड़ी को चौंका दें।,neutral,वह दन दर नह जब वह एक फलम क लए सत स आठ करड महनतन मगकर खन तकड क चक द,1
डरावनी और भुतहा फिल्में बनाने में विशेषज्ञता हासिल कर चुके विक्रम भट्ट ने इस बार खुद को लेखन और निर्माण तक सीमित रखा है।,neutral,डरवन और भतह फलम बनन म वशषजञत हसल कर चक वकरम भटट न इस बर खद क लखन और नरमण तक समत रख ह,1
"फिल्म में तीन आइटम नंबर हैं, लेकिन वे कहानी का साथ नहीं देते।",neutral,फलम म तन आइटम नबर ह लकन व कहन क सथ नह दत,1
"दरअसल,अनुपम खेर ने इतनी ज्यादा और साधारण फिल्में की हैं कि हम उनकी विशेषताओं को तूल नहीं दे सके।",neutral,दरअसलअनपम खर न इतन जयद और सधरण फलम क ह क हम उनक वशषतओ क तल नह द सक,1
फिल्म के थीम को गीतकार गौरव सोलंकी ने भी अपने गीतों में सटीक अभिव्यक्ति दी है।,neutral,फलम क थम क गतकर गरव सलक न भ अपन गत म सटक अभवयकत द ह,1
फिल्म का निर्देशन क्रिस्टोफर मैकक्वेरी ने किया है।,neutral,फलम क नरदशन करसटफर मककवर न कय ह,1
फिल्म केवल अंतर्विरोधों को प्रकट कर देती है।,neutral,फलम कवल अतरवरध क परकट कर दत ह,1
इस फिल्म के निर्माता अंजुम रिजवी के उल्लेखनीय समर्थन से युवा निर्देशकों के सपने पूरे होते हैं।,neutral,इस फलम क नरमत अजम रजव क उललखनय समरथन स यव नरदशक क सपन पर हत ह,1
इस फिल्म को देखते हुए कई बार तो यह ख्याल आता है कि कहीं निर्देशक थककर आराम तो नहीं कर रहा।,neutral,इस फलम क दखत हए कई बर त यह खयल आत ह क कह नरदशक थककर आरम त नह कर रह,1
"इस हॉट बैचलर पार्टी में ऐसा कुछ खास नहीं कि आप इसमें शामिल हो सकें। हां , अगर आप हॉट पार्टियों के शौकीन है तो इंटरवल के बाद फिल्म आपको कुछ जमेगी। फिल्म के कई डायलॉग डबल मीनिंग है तो वहीं इंटरवल के बाद कहानी डायरेक्टर के हाथों पूरी तरह निकल जाती है।",neutral,इस हट बचलर परट म ऐस कछ खस नह क आप इसम शमल ह सक ह  अगर आप हट परटय क शकन ह त इटरवल क बद फलम आपक कछ जमग फलम क कई डयलग डबल मनग ह त वह इटरवल क बद कहन डयरकटर क हथ पर तरह नकल जत ह,1
"बहुत कम फिल्में ऐसी होती हैं,जो आरंंभ से अंत तक दर्शकों को बांध ही न पाएं।",neutral,बहत कम फलम ऐस हत हज आरभ स अत तक दरशक क बध ह न पए,1
अनुराग की इस फिल्म में केवल कली ही निष्कपट चरित्र है।,neutral,अनरग क इस फलम म कवल कल ह नषकपट चरतर ह,1
धर्म संकट में' ब्रिटिश कॉमेडी फिल्म 'द इनफिडेल' से स्पष्ट रूप से प्रेरित है।,neutral,धरम सकट म बरटश कमड फलम द इनफडल स सपषट रप स पररत ह,1
चित्रकार के जीवन पर आधारित इस फिल्म में उन्होंने रंगों का आकर्षक संयोजन किया है।,neutral,चतरकर क जवन पर आधरत इस फलम म उनहन रग क आकरषक सयजन कय ह,1
वीनस की फिल्म में यह कमी खलती है।,neutral,वनस क फलम म यह कम खलत ह,1
फिल्म के संवाद उत्तेजक हैं।,neutral,फलम क सवद उततजक ह,1
"इमरान और भट्ट कैंप की फिल्मों की हीरोइनें जो कुछ करती हैं, ईशा ने भी उस काम को भलीभांति किया है।",neutral,इमरन और भटट कप क फलम क हरइन ज कछ करत ह ईश न भ उस कम क भलभत कय ह,1
फिल्म के किरदारों के साथ वे पहले ही संवाद बोलने से नहीं चूकते।,neutral,फलम क करदर क सथ व पहल ह सवद बलन स नह चकत,1
सहज तरीके से वे ढाई-तीन दशक पुरानी शैली और संरचना की फिल्म आज के दर्शकों के लिए पेश कर देते हैं।,neutral,सहज तरक स व ढईतन दशक परन शल और सरचन क फलम आज क दरशक क लए पश कर दत ह,1
उदय चोपड़ा की इस फिल्म से भी कोई चमत्कार की उम्मीद नहीं है।,neutral,उदय चपड क इस फलम स भ कई चमतकर क उममद नह ह,1
नागेश कुकुनूर 'हैदराबाद ब्लूज' से दस्तक देने के बाद लगातार खास किस्म की फिल्म निर्देशित करते रहे हैं।,neutral,नगश ककनर हदरबद बलज स दसतक दन क बद लगतर खस कसम क फलम नरदशत करत रह ह,1
फिल्म के बारे में कहा जा सकता है कि यह यशराज जैसी ऊंची दुकान का फीका पकवान है।,neutral,फलम क बर म कह ज सकत ह क यह यशरज जस ऊच दकन क फक पकवन ह,1
अगर डेविड फिल्म की स्क्रिप्ट कुछ और कसते तो इसे एक अच्छी कॉमिडी फिल्म बनाया जा सकता था। लेकिन कमजोर निर्देशन और बिखरी स्क्रिप्ट के चलते करीब दो घंटे की यह फिल्म अंत तक दर्शकों को बांध नहीं पाती।,neutral,अगर डवड फलम क सकरपट कछ और कसत त इस एक अचछ कमड फलम बनय ज सकत थ लकन कमजर नरदशन और बखर सकरपट क चलत करब द घट क यह फलम अत तक दरशक क बध नह पत,1
किक' जैसी फिल्मों का एकमात्र उद्देश्य आम दर्शकों का मनोरंजन करना है।,neutral,कक जस फलम क एकमतर उददशय आम दरशक क मनरजन करन ह,1
इसके बावजूद उनकी फिल्मों को क्रमवार देखें तो 'मकबूल' से 'मटरू की बिजली का मन्डोला' तक की यात्रा में लगातार बिखराव की ओर बढ़ रहे हैं।,neutral,इसक बवजद उनक फलम क करमवर दख त मकबल स मटर क बजल क मनडल तक क यतर म लगतर बखरव क ओर बढ रह ह,1
अहिशोर सोलोमन ने दो-चार किरदारों को लेकर एक रोमांचक फिल्म बनाने की कोशिश की है।,neutral,अहशर सलमन न दचर करदर क लकर एक रमचक फलम बनन क कशश क ह,1
बाबाओं के आडंबर और ईश्वर के नाम पर चल रहे ढोंग और प्रपंच को अनके फिल्मों में विषय बताया गया है।,neutral,बबओ क आडबर और ईशवर क नम पर चल रह ढग और परपच क अनक फलम म वषय बतय गय ह,1
हिंदी में बच्चों पर केंद्रित फिल्में बहुत कम बनती हैं।,neutral,हद म बचच पर कदरत फलम बहत कम बनत ह,1
आगे की कहानी के लिए आपको फिल्म देखनी चाहिए!,neutral,आग क कहन क लए आपक फलम दखन चहए,1
इस परहेज की यही वजह हो सकती है कि भारत में फिल्में राजनीतिक होते ही मुश्किलों में फंस जाती हैं।,neutral,इस परहज क यह वजह ह सकत ह क भरत म फलम रजनतक हत ह मशकल म फस जत ह,1
सूर्या के रोल में दक्षिण की फिल्मों के स्टार पृथ्वीराज सुकुमारन हैं।,neutral,सरय क रल म दकषण क फलम क सटर पथवरज सकमरन ह,1
षमिताभ' अनोखी व प्रयोगवादी किस्सागोई करने को मशहूर फिल्मकार आर. बाल्की की फिल्म है।,neutral,षमतभ अनख व परयगवद कससगई करन क मशहर फलमकर आर बलक क फलम ह,1
आर. बाल्की ने 156 मिनट लंबी फिल्म को बोझिल नहीं होने दिया है।,neutral,आर बलक न  मनट लब फलम क बझल नह हन दय ह,1
इस फिल्म में काजोल का जरूरी योगदान है।,neutral,इस फलम म कजल क जरर यगदन ह,1
गर पूरी फिल्म 3 डी होती तो यह रोमांच स्थायी और गहरा होता।,neutral,गर पर फलम  ड हत त यह रमच सथय और गहर हत,1
यह पहली फिल्म है जो उन्होंने बड़ी अच्छी बनाई है।,neutral,यह पहल फलम ह ज उनहन बड अचछ बनई ह,1
ऐसी फिल्मों के विशेष दर्शक हैं।,neutral,ऐस फलम क वशष दरशक ह,1
कुछ सालों पहले यशराज फिल्म्स की एक फिल्म आई थी बचना ऐ हसीनों।,neutral,कछ सल पहल यशरज फलमस क एक फलम आई थ बचन ऐ हसन,1
शबरी के डॉन  बनने के पर्याप्त कारण फिल्म में नहीं दिखाई देते।,neutral,शबर क डन  बनन क परयपत करण फलम म नह दखई दत,1
"मुमकिन है इस फिल्म और उनके जीवन में पर्याप्त सामंजस्य नहीं हो,लेकिन केतन मेहता ने राजा रवि वर्मा के जीवन और कार्य को सामयिक संदर्भ दे दिया है।",neutral,ममकन ह इस फलम और उनक जवन म परयपत समजसय नह हलकन कतन महत न रज रव वरम क जवन और करय क समयक सदरभ द दय ह,1
फिल्म में उनके व सचिन जोशी के किरदारों के बीच की केमिस्ट्री बिल्कुल फीकी है।,neutral,फलम म उनक व सचन जश क करदर क बच क कमसटर बलकल फक ह,1
आमतौर पर हॉरर फिल्मों में ऐसा कम ही देखने को मिलता है।,neutral,आमतर पर हरर फलम म ऐस कम ह दखन क मलत ह,1
चढ्डा की भूमिका में आए अन्नू कपूर इस फिल्म की जान हैं।,neutral,चढड क भमक म आए अनन कपर इस फलम क जन ह,1
इस बार उनकी फिल्म बोल पाकिस्तानी समाज में प्रचलित मान्यताओं की बखिया उधेड़ती है और संवेदनशील तरीके से औरतों का पक्ष रखती है।,neutral,इस बर उनक फलम बल पकसतन समज म परचलत मनयतओ क बखय उधडत ह और सवदनशल तरक स औरत क पकष रखत ह,1
यदि वे ऐसा करते तो फिल्म अपने उद्देश्य से खिसक जाती।,neutral,यद व ऐस करत त फलम अपन उददशय स खसक जत,1
"फिल्म के डाइरेक्टर भी शोले से कुछ ज्यादा ही प्रभावित हैं , तभी तो उन्होंने अपनी फिल्म में इन दोनों को महंगी कारों पर हाथ साफ करने वाले चोर के रूप में दिखाया। पर इंटरवल से थोड़ी देर पहले दर्शकों के बीच साफ होता है कि जय पुलिस इंस्पेक्टर है।",neutral,फलम क डइरकटर भ शल स कछ जयद ह परभवत ह  तभ त उनहन अपन फलम म इन दन क महग कर पर हथ सफ करन वल चर क रप म दखय पर इटरवल स थड दर पहल दरशक क बच सफ हत ह क जय पलस इसपकटर ह,1
यह उस दौर की एक खूबसूरत और भव्य फिल्म थी।,neutral,यह उस दर क एक खबसरत और भवय फलम थ,1
रितेश मेनन की 'क्रेजी कुक्कड़ फैमिली' भिन्न किस्म की कॉमेडी फिल्म है।,neutral,रतश मनन क करज कककड फमल भनन कसम क कमड फलम ह,1
पुरानी फिल्म के प्रति नॉस्टेलजिक होना ठीक है।,neutral,परन फलम क परत नसटलजक हन ठक ह,1
"फिल्म का संदेश साफ है कि दोस्ती ही एक ऐसा रिश्ता है, जिसको निभाने के लिए लोग कुछ भी कर गुजरते हैं।",neutral,फलम क सदश सफ ह क दसत ह एक ऐस रशत ह जसक नभन क लए लग कछ भ कर गजरत ह,1
"वहीं फिल्म के हीरो इमरान ने हेलिकॉप्टर से चलती ट्रेन में छलांग लगाने वाले बेहद खतरनाक सीन को बिना किसी डुप्लिकेट के किया। यही नहीं फिल्म के सारे स्टंट संजय , और इमरान के हिस्से में रहे है बल्कि श्रुति हासन और चित्राशी ने भी अंडर वॉटर कई खतरनाक दृश्यों को बिना किसी डुप्लिकेट के शूट किया।",neutral,वह फलम क हर इमरन न हलकपटर स चलत टरन म छलग लगन वल बहद खतरनक सन क बन कस डपलकट क कय यह नह फलम क सर सटट सजय  और इमरन क हसस म रह ह बलक शरत हसन और चतरश न भ अडर वटर कई खतरनक दशय क बन कस डपलकट क शट कय,1
पीरियड रचने में यह फिल्म पूरी तरह से सफल रही है।,neutral,परयड रचन म यह फलम पर तरह स सफल रह ह,1
एनीमेशन फिल्म 'महाभारत' की एकमात्र खूबी इसके परिचित चरित्रों को मिली पापुलर कलाकारों की आवाज है।,neutral,एनमशन फलम महभरत क एकमतर खब इसक परचत चरतर क मल पपलर कलकर क आवज ह,1
आठवें-नौवें दशक की मारधाड़ की मसाला फिल्मों की शैली में बनी ऐसी फिल्मों के दर्शक आज भी मौजूद हैं।,neutral,आठवनव दशक क मरधड़ क मसल फलम क शल म बन ऐस फलम क दरशक आज भ मजद ह,1
मगर इस फिल्म का एक पहलू ऐसा है जो इससे पहले किसी फिल्म में नहीं था और उसने बागबान को सफल फिल्मों की कतार में लाकर खड़ा कर दिया,neutral,मगर इस फलम क एक पहल ऐस ह ज इसस पहल कस फलम म नह थ और उसन बगबन क सफल फलम क कतर म लकर खड कर दय,1
फिल्म में एक संवाद है कि अगर औरत खुद को बेचने पर आए तो वह दुनिया के किसी भी मर्द को खरीद सकती है।,neutral,फलम म एक सवद ह क अगर औरत खद क बचन पर आए त वह दनय क कस भ मरद क खरद सकत ह,1
आतंकवाद और इस्लाम पर केंद्रित इस फिल्म में शोएब मंसूर ने साहसी दृष्टिकोण रखा था।,neutral,आतकवद और इसलम पर कदरत इस फलम म शएब मसर न सहस दषटकण रख थ,1
फिल्म का निर्देशन मार्क नेवेल्डीन ने किया है।,neutral,फलम क नरदशन मरक नवलडन न कय ह,1
निर्देशक ने फिल्म को ग्लैमरस बनाने का हर इंतजाम किया है।,neutral,नरदशक न फलम क गलमरस बनन क हर इतजम कय ह,1
फिल्म की शूटिंग महाराष्ट्र के वाई में हुई है।,neutral,फलम क शटग महरषटर क वई म हई ह,1
फिल्म में हंसी आती है।,neutral,फलम म हस आत ह,1
यह अवसर फिल्म शुरू होने के चंद मिनटों के अंदर ही बिखर गया।,neutral,यह अवसर फलम शर हन क चद मनट क अदर ह बखर गय,1
दूसरी ओर उड़िया पृष्ठभूमि पर बनी इस फिल्म में ऐसा कोई चालू मसाला मौजूद नहीं है जो दर्शकों को सिनेमाघरों की ओर खींच सके।,neutral,दसर ओर उडय पषठभम पर बन इस फलम म ऐस कई चल मसल मजद नह ह ज दरशक क सनमघर क ओर खच सक,1
पाओली दाम के बोल्ड सीन और निर्भीक संवादों की वजह से यह फिल्म चर्चा में थी।,neutral,पओल दम क बलड सन और नरभक सवद क वजह स यह फलम चरच म थ,1
फैमिली क्लास के लिए फिल्म में कुछ नहीं।,neutral,फमल कलस क लए फलम म कछ नह,1
रजनीश ठाकुर ने फिल्म के नायक के लिए बनारस के अमर जोशी को चुना है।,neutral,रजनश ठकर न फलम क नयक क लए बनरस क अमर जश क चन ह,1
फिल्म का गीत-संगीत थोड़ा कमजोर है।,neutral,फलम क गतसगत थड कमजर ह,1
फिल्म में ऋषि कपूर की ऐक्टिंग का जवाब नहीं। अपनी खुद की भूमिका के साथ उन्होंने पूरा न्याय किया है। सत्तर के दशक में आई राज कपूर की फिल्म मेरा नाम जोकर में रूसी ऐक्ट्रिस का प्रसंग इस फिल्म में बहुत दमदार ढंग से फिट किया गया है।,neutral,फलम म ऋष कपर क ऐकटग क जवब नह अपन खद क भमक क सथ उनहन पर नयय कय ह सततर क दशक म आई रज कपर क फलम मर नम जकर म रस ऐकटरस क परसग इस फलम म बहत दमदर ढग स फट कय गय ह,1
हिंदी फिल्मों में कलाकारों के साथ दर्शकों का अनोखा रिश्ता होता है।,neutral,हद फलम म कलकर क सथ दरशक क अनख रशत हत ह,1
ऐसा लगता है कि साधारण तरीकेसे फिल्म पूरी कर दी गई है।,neutral,ऐस लगत ह क सधरण तरकस फलम पर कर द गई ह,1
फिल्मों में हंसने की स्थितियां बनाने के बजाए लतीफेबाजी और मसखरी पर जोर रहता है।,neutral,फलम म हसन क सथतय बनन क बजए लतफबज और मसखर पर जर रहत ह,1
पीके' आज के समय की जरूरी फिल्म है।,neutral,पक आज क समय क जरर फलम ह,1
उन्होंने हमेशा ऐसी फिल्मों के दृश्यों को अपने संगीत से प्रभावपूर्ण बना दिया है।,neutral,उनहन हमश ऐस फलम क दशय क अपन सगत स परभवपरण बन दय ह,1
फिल्म में कुछ नया करने की कोशिश हुई है तो वो केवल यह है कि यहां पर चुटकुलों को नए अंदाज में पेश करने का प्रयासभर किया गया है।,neutral,फलम म कछ नय करन क कशश हई ह त व कवल यह ह क यह पर चटकल क नए अदज म पश करन क परयसभर कय गय ह,1
इस फिल्म के सहयोगी पात्रों का चुनाव भी जबरदस्त है।,neutral,इस फलम क सहयग पतर क चनव भ जबरदसत ह,1
फिल्म में ऐसा कोई किरदार भी नहीं है जो आपको बांध सकें।,neutral,फलम म ऐस कई करदर भ नह ह ज आपक बध सक,1
बाबाओं के आडंबर और ईश्वर के नाम पर चल रहे ढोंग और प्रपंच को अनके फिल्मों में विषय बताया गया है।,neutral,बबओ क आडबर और ईशवर क नम पर चल रह ढग और परपच क अनक फलम म वषय बतय गय ह,1
"समस्या वैसे दर्शकों के साथ हो सकती है, जो पहले से विनय पाठक और उनकी फिल्मों को नहीं जानते।",neutral,समसय वस दरशक क सथ ह सकत ह ज पहल स वनय पठक और उनक फलम क नह जनत,1
उन्होंने खयाल रखा है कि वे स्वाभाविक और फिल्म की संगत में दिखें।,neutral,उनहन खयल रख ह क व सवभवक और फलम क सगत म दख,1
"हां, यह फिल्म चारो मुख्य अभिनेताओं (रणदीप हुड्डा, नसीरुद्दीन शाह, शरद सक्सेना और विपिन शर्मा) के अभिनय के प्रदर्शन का शोकेस बन कर रह जाती है।",neutral,ह यह फलम चर मखय अभनतओ रणदप हडड नसरददन शह शरद सकसन और वपन शरम क अभनय क परदरशन क शकस बन कर रह जत ह,1
"फिल्म का संगीत थोड़ा तेज और लाउड है, लेकिन ये कहानी की मांग के अनुसार फिट बैठता है।",neutral,फलम क सगत थड तज और लउड ह लकन य कहन क मग क अनसर फट बठत ह,1
फिल्म में कसावट नहीं है।,neutral,फलम म कसवट नह ह,1
"फिल्म के अंत में औरतों के एहसास और आत्मानूभूति से प्रेरित एक स्त्री गान भी है, जो फिल्म के मनोरंजक प्रभाव को जबरदस्ती फेमिनिस्ट रंग देने की असफल कोशिश करता है।",neutral,फलम क अत म औरत क एहसस और आतमनभत स पररत एक सतर गन भ ह ज फलम क मनरजक परभव क जबरदसत फमनसट रग दन क असफल कशश करत ह,1
आधुनिक साउंड सिस्टम से लैस सिनेमाघरों में फिल्म देखते समय ध्वनि का कमाल और प्रभाव महसूस होगा।,neutral,आधनक सउड ससटम स लस सनमघर म फलम दखत समय धवन क कमल और परभव महसस हग,1
चश्मे बद्दूर' आज की फिल्म है।,neutral,चशम बददर आज क फलम ह,1
ऐसी फिल्में एक स्तर पर समाज में फैला भ्रमजाल तोड़ती हैं।,neutral,ऐस फलम एक सतर पर समज म फल भरमजल तडत ह,1
आज के युवा दर्शकों को यह फिल्म पसंद आएगी।,neutral,आज क यव दरशक क यह फलम पसद आएग,1
बागबान व्यावसायिक शैली में बनी एक ऐसी फिल्म थी जिसका विषय इससे पहले भी सफल रुप में अवतार जैसी कई फिल्मों में दोहराया जा चुका था।,neutral,बगबन वयवसयक शल म बन एक ऐस फलम थ जसक वषय इसस पहल भ सफल रप म अवतर जस कई फलम म दहरय ज चक थ,1
फिल्म के साथ एक बात और खलती है कि यहां पर कोई भी किरदार जमकर खड़ा हुआ नहीं दिखता है।,neutral,फलम क सथ एक बत और खलत ह क यह पर कई भ करदर जमकर खड हआ नह दखत ह,1
हिंदी फिल्मों में बदले की कहानी अमिताभ बच्चन के दौर में उत्कर्ष पर पहुंची।,neutral,हद फलम म बदल क कहन अमतभ बचचन क दर म उतकरष पर पहच,1
फिल्म देश विदेश में जोरदार कमाई कर रही है।,neutral,फलम दश वदश म जरदर कमई कर रह ह,1
फिल्म में आई बनारस की झलक सम्मोहक है।,neutral,फलम म आई बनरस क झलक सममहक ह,1
मुंबई के मिनर्वा थिएटर में यह फिल्म लगातार 240 हफ्तों तक चलती रही थी।,neutral,मबई क मनरव थएटर म यह फलम लगतर  हफत तक चलत रह थ,1
रामू की यह फिल्म युवा फिल्मकारों  को प्रयोग  करने का आश्वासन देती है।,neutral,रम क यह फलम यव फलमकर  क परयग  करन क आशवसन दत ह,1
ताजा हाल रितुपर्णो घोष की बंगाली फिल्म 'सत्यान्वेषी' मे ब्योमकेश बक्शी की भूमिका में 'कहानी' के निर्देशक सुजॉय घोष दिखे थे।,neutral,तज हल रतपरण घष क बगल फलम सतयनवष म बयमकश बकश क भमक म कहन क नरदशक सजय घष दख थ,1
फिल्म की स्क्रिप्ट बेहद कमजोर है। उस पर लचर डायलॉग डिलिवरी फिल्म का कमजोर पक्ष है।,neutral,फलम क सकरपट बहद कमजर ह उस पर लचर डयलग डलवर फलम क कमजर पकष ह,1
एक बेहतरीन स्क्रिप्ट और अच्छा प्रोड्क्शन किसी भी फिल्म की सॉलिड रिलीज के लिए बहुत होता है।,neutral,एक बहतरन सकरपट और अचछ परडकशन कस भ फलम क सलड रलज क लए बहत हत ह,1
"साजिद नाडियाडवाला ने इसी ब्रांड से जुड़ी कहानियों, किंवदंतियो और कार्यों को फिल्म की कहानी में गुंथा है।",neutral,सजद नडयडवल न इस बरड स जड कहनय कवदतय और करय क फलम क कहन म गथ ह,1
इस फिल्म में टाइमपास भी नहीं किया जा सकता है।,neutral,इस फलम म टइमपस भ नह कय ज सकत ह,1
"फिल्म में कस्बे का माहौल, शादी-व्याह और पंजाबी संस्कृति की उत्सवधर्मिता की झलक अच्छी और वास्तविक है।",neutral,फलम म कसब क महल शदवयह और पजब ससकत क उतसवधरमत क झलक अचछ और वसतवक ह,1
पुन:श्च - फिल्म में चल रहे नाटक रावणलीला की प्रस्तुति एकदम नयी है।,neutral,पनशच  फलम म चल रह नटक रवणलल क परसतत एकदम नय ह,1
फिल्म में कई बार उनके लिए 'हॉट' शब्द का इस्तेमाल किया गया है।,neutral,फलम म कई बर उनक लए हट शबद क इसतमल कय गय ह,1
अगर हम फिल्म के बजाय इस फिल्म  की तस्वीरें देखें और उनकी प्रदर्शनी में शामिल हों तो ज्यादा आनंदित हो सकते हैं।,neutral,अगर हम फलम क बजय इस फलम  क तसवर दख और उनक परदरशन म शमल ह त जयद आनदत ह सकत ह,1
नतीजतन फिल्म अपेक्षित असर नहीं डालती।,neutral,नतजतन फलम अपकषत असर नह डलत,1
फिल्म की कहानी उन्होंने बड़ी ही चालाकी से कोच से सट्टेबाज की तरफ घुमा दी।,neutral,फलम क कहन उनहन बड ह चलक स कच स सटटबज क तरफ घम द,1
दर्शकों का प्यार उमड़ा और फिर इस फिल्म ने देश के विभिन्न शहरों में सिल्वर जुबली और गोल्डन जुबली के रिकार्ड बनाए।,neutral,दरशक क पयर उमड़ और फर इस फलम न दश क वभनन शहर म सलवर जबल और गलडन जबल क रकरड बनए,1
इस फिल्म की कहानी मूल फिल्म के केंद्रीय भाव पर ही आधारित है।,neutral,इस फलम क कहन मल फलम क कदरय भव पर ह आधरत ह,1
"फिल्म की मूल कहानी में मास्क लगाए विलेन के किरदार में टॉमस हार्डी जो कि बेन के किरदार में पूरी फिल्म में बैटमैन बने क्रिस्टियन बेल पर हावी दिखते हैं, कई बार बुरी तरह नायक को पीटते हैं।",neutral,फलम क मल कहन म मसक लगए वलन क करदर म टमस हरड ज क बन क करदर म पर फलम म बटमन बन करसटयन बल पर हव दखत ह कई बर बर तरह नयक क पटत ह,1
एक नई मनोरंजक फिल्म का एहसास देती है।,neutral,एक नई मनरजक फलम क एहसस दत ह,1
इस फिल्म में के रविचंद्रन के छायांकन का महत्वपूर्ण योगदान है,neutral,इस फलम म क रवचदरन क छयकन क महतवपरण यगदन ह,1
इसका एक फायदा हुआ है कि फिल्म के खलनायक को पहचान मिल गई है।,neutral,इसक एक फयद हआ ह क फलम क खलनयक क पहचन मल गई ह,1
वे मशहूर डांसर विष्णु को ट्रेनिंग के लिए राजी करते हैं (विष्णु सर को राजी करने के दृश्य में दोहराव से फिल्म खिंचती है।,neutral,व मशहर डसर वषण क टरनग क लए रज करत ह वषण सर क रज करन क दशय म दहरव स फलम खचत ह,1
पहली फिल्म में अभिनय के साथ लेखन और निर्देशन की भी जिम्मेदारी उन्होंने संभाली है।,neutral,पहल फलम म अभनय क सथ लखन और नरदशन क भ जममदर उनहन सभल ह,1
इस फिल्म में चरित्रों के चित्रण से अधिक अभिनेताओं का चित्रण दिखता है।,neutral,इस फलम म चरतर क चतरण स अधक अभनतओ क चतरण दखत ह,1
फिल्म की गति बनाए रखने में पाश्‌र्र्व संगीत का योगदान है।,neutral,फलम क गत बनए रखन म पशररव सगत क यगदन ह,1
फिल्म में थिएटर बैकग्राउंड से जुड़े अभिनेताओं ने अच्छा अभिनय किया है।,neutral,फलम म थएटर बकगरउड स जड़ अभनतओ न अचछ अभनय कय ह,1
"लेखक-निर्देशक ने इस बार एक मनोचिकित्सक को भी रखा है, लेकिन दुर्भाग्य से वह फिल्म के क्लाइमैक्स में विज्ञान को भूल तंत्र-मंत्र का ही सहारा लेती है।",neutral,लखकनरदशक न इस बर एक मनचकतसक क भ रख ह लकन दरभगय स वह फलम क कलइमकस म वजञन क भल ततरमतर क ह सहर लत ह,1
"चूंकि माहौल ही फिल्म इंडस्ट्री की रौनक का है, इसलिए वे सभी फिल्म की कहानी में उपयुक्त लगते हैं।",neutral,चक महल ह फलम इडसटर क रनक क ह इसलए व सभ फलम क कहन म उपयकत लगत ह,1
फिल्म देखते हुए ये नंबर्स दर्शकों पर खास प्रभाव नहीं छोड़ते।,neutral,फलम दखत हए य नबरस दरशक पर खस परभव नह छडत,1
यह फिल्म वरुण और नवाज के अभिनय के लिए याद रखी जाएगी।,neutral,यह फलम वरण और नवज क अभनय क लए यद रख जएग,1
इसी कारण फिल्म मजे के बजाए आपको ऊबाउ लगने लगती है।,neutral,इस करण फलम मज क बजए आपक ऊबउ लगन लगत ह,1
यही कारण है कि फिल्मकार बॉयोपिक या सच्ची घटनाओं पर आधारित फिल्मों को अधिक प्रश्रय नहीं देते।,neutral,यह करण ह क फलमकर बयपक य सचच घटनओ पर आधरत फलम क अधक परशरय नह दत,1
हिंदी फिल्मों में पहली बार आ रही पद्मप्रिया अच्छी लगी हैं।,neutral,हद फलम म पहल बर आ रह पदमपरय अचछ लग ह,1
इस फिल्म को सलमान और अजय देवगन का लाजवाब अभिनय ने यादगार बना दिया,neutral,इस फलम क सलमन और अजय दवगन क लजवब अभनय न यदगर बन दय,1
यशराज की फिल्म 'बेवकूफियां' भी समय की चाशनी में डुबोई हुई पुरानी कहानी ही है।,neutral,यशरज क फलम बवकफय भ समय क चशन म डबई हई परन कहन ह ह,1
नौटंकी साला' प्रचलित कामेडी फिल्मों से अलग है।,neutral,नटक सल परचलत कमड फलम स अलग ह,1
निर्देशक भूषण पटेल ने पिछली फिल्म के तार नई फिल्म की कहानी से जोड़ दिए हैं।,neutral,नरदशक भषण पटल न पछल फलम क तर नई फलम क कहन स जड़ दए ह,1
"इस फिल्म में रॉबिन  के उत्कट प्रेम, आवेश और अफसोस को उन्होंने भावपूर्ण तरीके से प्रदर्शित किया है।",neutral,इस फलम म रबन  क उतकट परम आवश और अफसस क उनहन भवपरण तरक स परदरशत कय ह,1
। इस फिल्म में काजोल का जरूरी योगदान है।,neutral, इस फलम म कजल क जरर यगदन ह,1
फिल्म का अंतिम प्रभाव उद्देश्य के मुताबिक उत्तेजक नहीं है।,neutral,फलम क अतम परभव उददशय क मतबक उततजक नह ह,1
निश्चित ही इसके लिए फिल्म के प्रोडक्शन डिजायनर और कॉस्ट्यूम डिजायनर समत अन्य तकनीशियनों को भी धन्यवाद देना होगा कि उनकी काबिलियत से यह फिल्म संपूर्णता को छूती नजर आती है।,neutral,नशचत ह इसक लए फलम क परडकशन डजयनर और कसटयम डजयनर समत अनय तकनशयन क भ धनयवद दन हग क उनक कबलयत स यह फलम सपरणत क छत नजर आत ह,1
दिबाकर बनर्जी ने शरदिंदु बनर्जी की सभी 32 कहानियों के अधिकार लेकर उन्हें अपनी फिल्म 'डिटेक्टिव ब्योमकेश बक्शी'  में सुविधानुसार इस्तेमाल किया है।,neutral,दबकर बनरज न शरदद बनरज क सभ  कहनय क अधकर लकर उनह अपन फलम डटकटव बयमकश बकश  म सवधनसर इसतमल कय ह,1
विशाल भारद्वाज की इस हिम्मत के लिए बधाई कि इस फिल्म के पोस्टर पर फिल्म का टायटल चलन के मुताबिक अंग्रेजी में नही लिखा गया है।,neutral,वशल भरदवज क इस हममत क लए बधई क इस फलम क पसटर पर फलम क टयटल चलन क मतबक अगरज म नह लख गय ह,1
ऐसी फिल्मों की प्रासंगिकता कलात्मकता या सिनेमाई कौशल से अधिक वास्तविकता से होती है।,neutral,ऐस फलम क परसगकत कलतमकत य सनमई कशल स अधक वसतवकत स हत ह,1
रंगरेज' पूरी तरह युवाओं की फिल्म है।,neutral,रगरज पर तरह यवओ क फलम ह,1
फिल्म की कहानी एक यंग लड़की के ईर्द-गिर्द घूमती है।,neutral,फलम क कहन एक यग लडक क ईरदगरद घमत ह,1
इस फिल्म में उन्हें चरित्र के मुताबिक आकर्षक कॉस्ट्यूम भी मिले हैं।,neutral,इस फलम म उनह चरतर क मतबक आकरषक कसटयम भ मल ह,1
अगर आपने फिल्म में तर्क या कुछ नया तलाशने की कोशिश की तो हॉल में वक्त काटना मुश्किल है।,neutral,अगर आपन फलम म तरक य कछ नय तलशन क कशश क त हल म वकत कटन मशकल ह,1
मंजुनाथ' हमारे दौर की जरूरी फिल्म है।,neutral,मजनथ हमर दर क जरर फलम ह,1
फिल्म  थोड़ी कमजोर होने के साथ फंस जाती है।,neutral,फलम  थड कमजर हन क सथ फस जत ह,1
"हालांकि फिल्म में चाइल्ड ट्रैफिकिंग के आंकड़े और रेफरेंस देकर फिल्म को मुद्दापरक बताने की कोशिश है, लेकिन पूरी फिल्म मसाला एंटरटेनमेंट की चालू परंपरा का महिला संस्करण है।",neutral,हलक फलम म चइलड टरफकग क आकड और रफरस दकर फलम क मददपरक बतन क कशश ह लकन पर फलम मसल एटरटनमट क चल परपर क महल ससकरण ह,1
"गीत-संगीत की बात की जाए, तो फिल्म देखते हुए इसका मजा नहीं मिलता।",neutral,गतसगत क बत क जए त फलम दखत हए इसक मज नह मलत,1
फिल्म में गाने कुछ ज्यादा हैं।,neutral,फलम म गन कछ जयद ह,1
संभव है पुरानी फिल्म के प्रशंसकों को 3 डी रूपांतरण बनावटी और कृत्रिम लगे।,neutral,सभव ह परन फलम क परशसक क  ड रपतरण बनवट और कतरम लग,1
"पिछली फिल्म के गानों नैनों में सपना और ताकी रे ताकी को इस फिल्म में रखा गया है, लेकिन जितेन्द्र-श्रीदेवी का जादू जगाने में अजय देवगन-तमन्ना असफल रहे हैं।",neutral,पछल फलम क गन नन म सपन और तक र तक क इस फलम म रख गय ह लकन जतनदरशरदव क जद जगन म अजय दवगनतमनन असफल रह ह,1
केएलपीडी  फिल्म की कहानी दिल्ली मेट्रो के एक स्टेशन पर लोकेश दुग्गल विवेक ओबेराय के साथ शुरू होती है।,neutral,कएलपड  फलम क कहन दलल मटर क एक सटशन पर लकश दगगल ववक ओबरय क सथ शर हत ह,1
व्हाट द फिश' केवल डिंपल कपाड़िया की फिल्म नहीं है।,neutral,वहट द फश कवल डपल कपड़य क फलम नह ह,1
"वैसे भी कहानी में गानों के लिए गुंजाइश नहीं थी , और जो गाना फिल्म में है , फिल्म में कब आया और कब चला गया दर्शकों को पता ही नहीं चलता।",neutral,वस भ कहन म गन क लए गजइश नह थ  और ज गन फलम म ह  फलम म कब आय और कब चल गय दरशक क पत ह नह चलत,1
"पिंडारी, अंग्रेज, उन्नीसवीं सदी का भारत कुछ भी तो फिल्म में ढंग से रेखांकित नहीं हो पाया है।",neutral,पडर अगरज उननसव सद क भरत कछ भ त फलम म ढग स रखकत नह ह पय ह,1
फिल्म का कथ्य रोचक और महत्वपूर्ण है।,neutral,फलम क कथय रचक और महतवपरण ह,1
सबसे मुश्किल दौर मल्लिका शेरावत के लिए आने वाला है क्योंकि उन्हें पता ही नहीं है कि हॉलीवुड से लौटने के बाद हिंदी सिनेमा में किस तरह की फिल्में करनी चाहिए।,neutral,सबस मशकल दर मललक शरवत क लए आन वल ह कयक उनह पत ह नह ह क हलवड स लटन क बद हद सनम म कस तरह क फलम करन चहए,1
"दरअसल, यह फिल्म से ज्यादा एक अधेड़ उम्र के आदमी की फैंटेसी लगती है।",neutral,दरअसल यह फलम स जयद एक अधड उमर क आदम क फटस लगत ह,1
इन कहानियों को बंगाल में फिल्मों और धारावाहिकों में ढाला गया है।,neutral,इन कहनय क बगल म फलम और धरवहक म ढल गय ह,1
और तो और हर फिल्म पिछली से बेहतर नजर आती है।,neutral,और त और हर फलम पछल स बहतर नजर आत ह,1
स फिल्म में एनीमेशन में अधिक मेहनत नहीं की गई है।,neutral,स फलम म एनमशन म अधक महनत नह क गई ह,1
सच कहें तो मनोज बाजपेयी की मौजूदगी ने फिल्म को नया आयाम दे दिया है।,neutral,सच कह त मनज बजपय क मजदग न फलम क नय आयम द दय ह,1
फिल्म की खूबियों में इसका छायांकन और पाश्‌र्र्व संगीत भी है।,neutral,फलम क खबय म इसक छयकन और पशररव सगत भ ह,1
उन्हें फिल्म का हिस्सा समझकर न देखें।,neutral,उनह फलम क हसस समझकर न दख,1
श्रेया नारायण फिल्म में बहू की भूमिका में हैं।,neutral,शरय नरयण फलम म बह क भमक म ह,1
फिल्म भी थोड़ी लंबी हो गई है।,neutral,फलम भ थड लब ह गई ह,1
"फिल्म में आगे वह जाहिर होता है, फिर भी ड्रामा नहीं बन पाता।",neutral,फलम म आग वह जहर हत ह फर भ डरम नह बन पत,1
दिल को छूता सुरीला म्यूजिक फिल्म का प्लस पॉइंट है।,neutral,दल क छत सरल मयजक फलम क पलस पइट ह,1
एक बकरे के बहाने भारतीय समाज की कहानी कहती 'ये है बकरापुर' छोटी और सारगर्भित फिल्म है।,neutral,एक बकर क बहन भरतय समज क कहन कहत य ह बकरपर छट और सरगरभत फलम ह,1
हिंदी फिल्मों से वंचित शहरी जीवन के अंतरों में बसे आम आदमी के सुख-दुख को यह समानुभूति के साथ पेश करती है।,neutral,हद फलम स वचत शहर जवन क अतर म बस आम आदम क सखदख क यह समनभत क सथ पश करत ह,1
इंटरवल से पहले फिल्म की रफ्तार काफी सुस्त है।,neutral,इटरवल स पहल फलम क रफतर कफ ससत ह,1
अपूर्व ने फॉर्मुला फिल्म में भी नयापन का छौंका लगाया है।,neutral,अपरव न फरमल फलम म भ नयपन क छक लगय ह,1
सई परांजपे की 'चश्मे बद्दूर' अच्छी और मनोरंजक फिल्म थी।,neutral,सई परजप क चशम बददर अचछ और मनरजक फलम थ,1
फिल्म के प्रचार में यह धोखा गढ़ा गया है।,neutral,फलम क परचर म यह धख गढ गय ह,1
"अच्छे व्यंग्य की संभावना की यह फिल्म कमजोर पटकटथा, अयोग्य कलाकारों और अकुशल निर्देशन की वजह से भटक गई है।",neutral,अचछ वयगय क सभवन क यह फलम कमजर पटकटथ अयगय कलकर और अकशल नरदशन क वजह स भटक गई ह,1
यह आज के दौर की फिल्म है।,neutral,यह आज क दर क फलम ह,1
साजिद खान की हिम्मतवाला शुद्ध मसालेदार फिल्म है।,neutral,सजद खन क हममतवल शदध मसलदर फलम ह,1
"प्रेम, पुनर्जन्म, पॉपुलर म्यूजिक, फैशन, फोटोग्राफी, स्टेज परफॉरमेंस जैसी चुनी हुई घटनाओं और प्रसंगों के साथ फिल्म तैयार कर ली गई है।",neutral,परम पनरजनम पपलर मयजक फशन फटगरफ सटज परफरमस जस चन हई घटनओ और परसग क सथ फलम तयर कर ल गई ह,1
मेरे खयाल में फिल्म का कथ्य उस सामान्य दृश्य में है जब लायक अपनी मां से पिता के बारे में पूछता है।,neutral,मर खयल म फलम क कथय उस समनय दशय म ह जब लयक अपन म स पत क बर म पछत ह,1
लेखक और निर्देशक देवांग ढो़लकिया ने फिल्म के पहले ही सीन में सनी लियोन को कम कपड़ों में दिखाकर यह बता दिया है कि आगे होने क्या वाला है।,neutral,लखक और नरदशक दवग ढलकय न फलम क पहल ह सन म सन लयन क कम कपड म दखकर यह बत दय ह क आग हन कय वल ह,1
नाम और इंटरवल के पहले के विस्तृत निरूपण से लग सकता है कि यह फिल्म कोल माफिया के तौर-तरीकों पर केंद्रित होगी।,neutral,नम और इटरवल क पहल क वसतत नरपण स लग सकत ह क यह फलम कल मफय क तरतरक पर कदरत हग,1
रोहन सिप्पी की फिल्मों में गीन-संगीत थोड़ा अलग रहता है।,neutral,रहन सपप क फलम म गनसगत थड़ अलग रहत ह,1
इमरान और भट्ट कैंप की अन्य फिल्मों की तरह इसके भी गीत-संगीत मधुरता लिए हैं।,neutral,इमरन और भटट कप क अनय फलम क तरह इसक भ गतसगत मधरत लए ह,1
इंटरवल तक यह फिल्म लंबे सिक्वेंस की वजह से ऊब पैदा करती है।,neutral,इटरवल तक यह फलम लब सकवस क वजह स ऊब पद करत ह,1
हंसी-मजाक के माहौल में फिल्म की शूटिंग आरंभ होती है।,neutral,हसमजक क महल म फलम क शटग आरभ हत ह,1
केतन मेहता की यह फिल्म छह सालों के अंतराल के बावजूद पुरानी और बासी नहीं लगती।,neutral,कतन महत क यह फलम छह सल क अतरल क बवजद परन और बस नह लगत,1
ऐसा देखने में आता है कि हॉलीवुड स्टार ऑफबीट फिल्मों के साथ बेहतरीन काम करते हैं।,neutral,ऐस दखन म आत ह क हलवड सटर ऑफबट फलम क सथ बहतरन कम करत ह,1
ऐसा इसलिए क्योंकि यह फिल्म शूट की गई थी साल 2012 में।,neutral,ऐस इसलए कयक यह फलम शट क गई थ सल  म,1
फिल्म का यह रोचक दृष्टांत है।,neutral,फलम क यह रचक दषटत ह,1
फिल्म के लेखक मिलाप झावेरी और तुषार हीरानंदानी ने पुरानी 'मस्ती' की स्टोरी लाइन को ही अपनाया है।,neutral,फलम क लखक मलप झवर और तषर हरनदन न परन मसत क सटर लइन क ह अपनय ह,1
यह बात तब और दिलचस्‍प लगती है जब यह भेद किसी फ़ि‍ल्‍मकार की पहली ही फ़ि‍ल्‍म में दिखे.,neutral,यह बत तब और दलचसप लगत ह जब यह भद कस फलमकर क पहल ह फलम म दख,1
उनके बारे में मशहूर है कि वे अपनी प्रेमिकाओं की हमशक्लों को फिल्मों की हीरोइन बनाते हैं।,neutral,उनक बर म मशहर ह क व अपन परमकओ क हमशकल क फलम क हरइन बनत ह,1
विनय पाठक ऐसे सिंपल चरित्र कई फिल्मों में निभा चुके हैं।,neutral,वनय पठक ऐस सपल चरतर कई फलम म नभ चक ह,1
इस फिल्म की उपलब्धि गुलशन देवैइया और सौरभ दूबे हैं।,neutral,इस फलम क उपलबध गलशन दवइय और सरभ दब ह,1
इस सप्ताह रिलीज हुई फिल्म 'प्लेइंग इट कूल' के साथ भी कुछ ऐसा ही होता दिखाई देता है।,neutral,इस सपतह रलज हई फलम पलइग इट कल क सथ भ कछ ऐस ह हत दखई दत ह,1
फिल्म  सच्ची कहानी पर आधारित है तो कुछ सच्चाई वहां से ले लेनी थी।,neutral,फलम  सचच कहन पर आधरत ह त कछ सचचई वह स ल लन थ,1
"फिल्म की कहानी 70-80 के दशक की उन फिल्मों की याद दिलाती है , जिनमें नायिका खुद को अबला , बेबस और पति को देवता समझती है। फिल्म की कहानी खुशहाल पति - पत्नी के बीच किसी तीसरे शख्स के आने की है। कहानी में कुछ भी नयापन नहीं है। ऐसा लगता है कि फिल्म के हीरो प्रकाश सागर ने बिना किसी तैयारी के कैमरा फेस किया है। कुछ यही हाल बाकी स्टार कास्ट का भी है।",neutral,फलम क कहन  क दशक क उन फलम क यद दलत ह  जनम नयक खद क अबल  बबस और पत क दवत समझत ह फलम क कहन खशहल पत  पतन क बच कस तसर शखस क आन क ह कहन म कछ भ नयपन नह ह ऐस लगत ह क फलम क हर परकश सगर न बन कस तयर क कमर फस कय ह कछ यह हल बक सटर कसट क भ ह,1
फिल्म के निर्देशन और तकनीक पक्ष की बात न ही की जाए तो बेहतर है।,neutral,फलम क नरदशन और तकनक पकष क बत न ह क जए त बहतर ह,1
इस फिल्म के लिए चुनने के साथ उन्हें उनके अतीत के संदर्भ के साथ पेश किया गया है।,neutral,इस फलम क लए चनन क सथ उनह उनक अतत क सदरभ क सथ पश कय गय ह,1
फिल्म पाकिस्तानी समाज के अन्य पहलुओं को भी चलते-चलते उजागर करती है।,neutral,फलम पकसतन समज क अनय पहलओ क भ चलतचलत उजगर करत ह,1
म्यूजिक की दो पॉपुलर प्रतिभाएं (हिमेश रेशमिया और हनी सिंह) इस फिल्म से जुड़ी हैं।,neutral,मयजक क द पपलर परतभए हमश रशमय और हन सह इस फलम स जड़ ह,1
फिल्म 'कुछ कुछ लोचा है' में बहुत लोचे हैं।,neutral,फलम कछ कछ लच ह म बहत लच ह,1
आशीष आर. मोहन की 'खिलाड़ी 786' की प्रस्तुति में हाल-फिलहाल में सफल रही मसाला फिल्मों का सीधा प्रभाव है।,neutral,आशष आर महन क खलड़  क परसतत म हलफलहल म सफल रह मसल फलम क सध परभव ह,1
फिल्म की पैकेजिंग और संगीत इसकी जान है।,neutral,फलम क पकजग और सगत इसक जन ह,1
फिल्म के गाने ठीक-ठाक हैं।,neutral,फलम क गन ठकठक ह,1
दिख रहा है कि वे हर फिल्म के साथ आगे बढ़ रहे हैं।,neutral,दख रह ह क व हर फलम क सथ आग बढ रह ह,1
इस फिल्म में सनी लियोनी ने अपने किरदार के साथ जीने की कोशिश की है।,neutral,इस फलम म सन लयन न अपन करदर क सथ जन क कशश क ह,1
इनमें पिछली चार फिल्मों की झलक भी देखने को मिलती है।,neutral,इनम पछल चर फलम क झलक भ दखन क मलत ह,1
"कुल मिलाकर हिंदी फिल्मों में अच्छी कहानी का अभाव है, यह बात एक बार फिर सामने आई 'बेवकूफियां' के जरिए।",neutral,कल मलकर हद फलम म अचछ कहन क अभव ह यह बत एक बर फर समन आई बवकफय क जरए,1
अगर पटकथा और चुस्त रहती तो यह फिल्म 'किसने की होगी हत्या' जोनर की सफल फिल्म होती।,neutral,अगर पटकथ और चसत रहत त यह फलम कसन क हग हतय जनर क सफल फलम हत,1
इस दौर और माहौल में जॉन अब्राहम की प्रोडक्शन कंपनी जेए एंटरटेनमेंट की पहली फिल्म विक्की डोनर खूबसूरत साहस और प्रयास है।,neutral,इस दर और महल म जन अबरहम क परडकशन कपन जए एटरटनमट क पहल फलम वकक डनर खबसरत सहस और परयस ह,1
इस फिल्म में गीत-संगीत की अधिक आवश्यकता नहीं थी।,neutral,इस फलम म गतसगत क अधक आवशयकत नह थ,1
इस फिल्म का अंत सटीक और निर्दोषपूर्ण  है।,neutral,इस फलम क अत सटक और नरदषपरण  ह,1
फिल्म अविश्वसनीय रूप से धीमी और शांत है।,neutral,फलम अवशवसनय रप स धम और शत ह,1
यह फिल्म हिमेश रेशमिया की है।,neutral,यह फलम हमश रशमय क ह,1
फिल्म के आरंभ में आज और अतीत की इस समानता को केतन मेहता ने कोलाज के जरिए दिखाया है।,neutral,फलम क आरभ म आज और अतत क इस समनत क कतन महत न कलज क जरए दखय ह,1
"चूंकि पूरी फिल्म सेल्समैन के आसपास टिकी है , ऐसे में इसमें रोमांस वगैरह की कहीं गुंजाइश ना होने से गीत संगीत में फिल्म का यह कमजोर पक्ष है।",neutral,चक पर फलम सलसमन क आसपस टक ह  ऐस म इसम रमस वगरह क कह गजइश न हन स गत सगत म फलम क यह कमजर पकष ह,1
इस फिल्म की विशेषताओं में पटकथा और संवाद का उल्लेख आवश्यक हो जाता है।,neutral,इस फलम क वशषतओ म पटकथ और सवद क उललख आवशयक ह जत ह,1
फिल्म का गीत-संगीत कमजोर है।,neutral,फलम क गतसगत कमजर ह,1
मिथुन पूरी फिल्म में दमदार लगे हैं। बच्चों ने अपना रोल दिल से निभाया है। सीमा बिश्वास अपनी छोटी सी भूमिका में जमी है। इस फिल्म में चालू मसाले चाहे न हो लेकिन एक अच्छी फिल्म देखने वालों की कसौटी पर यह खरी उतरने का दम रखती है। पूरी फिल्म बंधी हुई है और दिलचस्प है,neutral,मथन पर फलम म दमदर लग ह बचच न अपन रल दल स नभय ह सम बशवस अपन छट स भमक म जम ह इस फलम म चल मसल चह न ह लकन एक अचछ फलम दखन वल क कसट पर यह खर उतरन क दम रखत ह पर फलम बध हई ह और दलचसप ह,1
इस उम्दा सोच की फिल्म को रजनीश ठाकुर उम्दा तरीके से पेश नहीं कर पाए हैं।,neutral,इस उमद सच क फलम क रजनश ठकर उमद तरक स पश नह कर पए ह,1
फिल्म में महिला किरदारों को सीमित स्पेस में ही पर्याप्त महत्व दिया गया है।,neutral,फलम म महल करदर क समत सपस म ह परयपत महतव दय गय ह,1
"स्मॉल स्क्रीन पर बतौर वीजे पहचान बना चुके गौरव कपूर पूरी फिल्म में बुझे-बुझे से लगते हैं। डाइरेक्टर ने उनसे ज्यादा फुटिज परमीत सेठी और गोविंद नामदेव को दी है , जिसे देखकर वाकई लगता है कि ' बेचारा गोविंद ' । बतौर निर्देशक वरुण न तो कलाकारों से ठीक काम करा पाए और न कहानी को ट्रैक पर रखने में कामयाब रहे। फिल्म के कई डबल मीनिंग डायलॉग सेंसर की कैंची से कैसे बचे रह गए , यह समझ से परे है। फिल्म का क्लाइमैक्स इतना बेहूदा और कमजोर हैं कि डाइरेक्टर की कला पर तरस आता है। ऐसे में अगर आप फिर भी इस गोविंद से मिलने थिअटर का रुख करते हैं , तो बेस्ट ऑफ लक...",neutral,समल सकरन पर बतर वज पहचन बन चक गरव कपर पर फलम म बझबझ स लगत ह डइरकटर न उनस जयद फटज परमत सठ और गवद नमदव क द ह  जस दखकर वकई लगत ह क  बचर गवद   बतर नरदशक वरण न त कलकर स ठक कम कर पए और न कहन क टरक पर रखन म कमयब रह फलम क कई डबल मनग डयलग ससर क कच स कस बच रह गए  यह समझ स पर ह फलम क कलइमकस इतन बहद और कमजर ह क डइरकटर क कल पर तरस आत ह ऐस म अगर आप फर भ इस गवद स मलन थअटर क रख करत ह  त बसट ऑफ लक,1
"कुछ ऐसा ही हाल निर्माता से ऐक्टर बने कमाल खान की फिल्म देशद्रोही का भी है। महाराष्ट्र में उत्तर भारतीयों को लेकर उठे विवाद को इस फिल्म में कैश कराने की कोशिश की गई है। लेकिन कमजोर डाइरेक्टर , लचर स्क्रिप्ट के अलावा निर्माता कमाल खान का हीरो बनना इस फिल्म का सबसे कमजोर पक्ष है। फिल्म के हीरो कमाल खान के कई ऐक्शन सीन ऐसे है , जिन्हें देखकर हंसी आती है। अगर कमाल इस फिल्म में हीरो बनने का मोह त्यागकर किसी अच्छे कलाकार को लेते तो निश्चित तौर से इस मुद्दे पर यह एक असरदार फिल्म बन सकती थी। फिल्म के कुछ संवाद ऐसे है जिन पर सेंसर को साउंड डिलीट करनी चाहिए थी।",neutral,कछ ऐस ह हल नरमत स ऐकटर बन कमल खन क फलम दशदरह क भ ह महरषटर म उततर भरतय क लकर उठ ववद क इस फलम म कश करन क कशश क गई ह लकन कमजर डइरकटर  लचर सकरपट क अलव नरमत कमल खन क हर बनन इस फलम क सबस कमजर पकष ह फलम क हर कमल खन क कई ऐकशन सन ऐस ह  जनह दखकर हस आत ह अगर कमल इस फलम म हर बनन क मह तयगकर कस अचछ कलकर क लत त नशचत तर स इस मदद पर यह एक असरदर फलम बन सकत थ फलम क कछ सवद ऐस ह जन पर ससर क सउड डलट करन चहए थ,1
फिल्म के एक नायक कबीर ग्रेवाल के 22 संबंध रह चुके हैं।,neutral,फलम क एक नयक कबर गरवल क  सबध रह चक ह,1
इन फिल्मों से दिखने लगा कि क्वांटिटी से ज्यादा क्वालिटी पर भी फोकस करना जरूरी होता है।,neutral,इन फलम स दखन लग क कवटट स जयद कवलट पर भ फकस करन जरर हत ह,1
फिल्म की खोज विदेशी कलाकार टालिया बेंस्टन हैं।,neutral,फलम क खज वदश कलकर टलय बसटन ह,1
और हां फिल्म के निर्माताओं को धन्यवाद कि उन्होंने ऐसे विध्वंयात्मक मनोरंजन के दौर में विक्रमादित्य की सोच को संबल दिया।,neutral,और ह फलम क नरमतओ क धनयवद क उनहन ऐस वधवयतमक मनरजन क दर म वकरमदतय क सच क सबल दय,1
फिल्म के कुछ लक्षण उल्लेखनीय हैं।,neutral,फलम क कछ लकषण उललखनय ह,1
दर्शकों की प्रतिक्रिया से निराश फिल्म की यूनिट क्लाइमेक्स बदलने तक की बात सोचने लगी थी।,neutral,दरशक क परतकरय स नरश फलम क यनट कलइमकस बदलन तक क बत सचन लग थ,1
फिल्म की लेखिका जूही चतुर्वेदी ने नए विषय और विचार की फिल्म को सरस रखा है।,neutral,फलम क लखक जह चतरवद न नए वषय और वचर क फलम क सरस रख ह,1
फिल्म देखें।,neutral,फलम दख,1
"वह एक सारगर्भित आर्ट हाउस फिल्म बनाना चाहता है, लेकिन परिस्थितियां उसके अनुकूल नहीं बन पातीं।",neutral,वह एक सरगरभत आरट हउस फलम बनन चहत ह लकन परसथतय उसक अनकल नह बन पत,1
फिल्म के एक्शन दृश्य भी ठीक हैं।,neutral,फलम क एकशन दशय भ ठक ह,1
अनायास ही यह फिल्म कई सच्चाइयों को उद्घाटित कर देती है।,neutral,अनयस ह यह फलम कई सचचइय क उदघटत कर दत ह,1
इस मनोरंजक फिल्म के लिए दर्शक सजग और जानकार हों तो ज्यादा मजा आएगा।,neutral,इस मनरजक फलम क लए दरशक सजग और जनकर ह त जयद मज आएग,1
अच्छे जोक्स की कमी फिल्म में साफ झलकती है।,neutral,अचछ जकस क कम फलम म सफ झलकत ह,1
एक और डरावनी फिल्म।,neutral,एक और डरवन फलम,1
"ऐसा नहीं है कि 'फटा पोस्टर निकला हीरो' निकृष्ट फिल्म है, लेकिन यह राजकुमार संतोषी के स्तर की फिल्म नहीं है।",neutral,ऐस नह ह क फट पसटर नकल हर नकषट फलम ह लकन यह रजकमर सतष क सतर क फलम नह ह,1
डायरेक्टर विशाल की यह पहली फिल्म है और उन्होंने कम पात्रों के बावजूद कहानी को कहीं बिखरने नहीं दिया।,neutral,डयरकटर वशल क यह पहल फलम ह और उनहन कम पतर क बवजद कहन क कह बखरन नह दय,1
फिल्म के बीच में थोड़ी देर के लिए अटकती है।,neutral,फलम क बच म थड दर क लए अटकत ह,1
गुरमीत सिंह और राजेश चावला ने मिलकर फिल्म की  चुस्त पटकथा गढ़ी है।,neutral,गरमत सह और रजश चवल न मलकर फलम क  चसत पटकथ गढ ह,1
फिल्म के कुछ संवाद अंग्रेजी में हैं।,neutral,फलम क कछ सवद अगरज म ह,1
फिल्म में एक्शन सीन अच्छे हैं।,neutral,फलम म एकशन सन अचछ ह,1
"नेहा धूपिया इस फिल्म में अपनी पिछली फिल्मों के मुकाबले अलग लुक और रोल में नजर आई हैं। वहीं, 'भेजा फ्राई' के बाद रजत और विनय के बीच की केमिस्ट्री गजब की है। अनुराधा मेनन अपने रोल में जमी हैं",neutral,नह धपय इस फलम म अपन पछल फलम क मकबल अलग लक और रल म नजर आई ह वह भज फरई क बद रजत और वनय क बच क कमसटर गजब क ह अनरध मनन अपन रल म जम ह,1
कुछ नया करने और दिखाने के चक्कर में फिल्म फिसल गई है।,neutral,कछ नय करन और दखन क चककर म फलम फसल गई ह,1
एक तो फिल्म के सारे किरदार निगेटिव शेड के हैं।,neutral,एक त फलम क सर करदर नगटव शड क ह,1
फिर भी अखिलेश जायसवाल के क्रिएटिव साहस की तारीफ करनी होगी कि उन्होंने एक फिल्म के माध्यम से 'मस्तराम' के महत्व को रेखांकित किया है।,neutral,फर भ अखलश जयसवल क करएटव सहस क तरफ करन हग क उनहन एक फलम क मधयम स मसतरम क महतव क रखकत कय ह,1
संदीप वर्मा ने मंजुनाथ की इस कहानी के लिए हिंदी फिल्मों के लोकप्रिय चेहरों का सहारा नहीं लिया है।,neutral,सदप वरम न मजनथ क इस कहन क लए हद फलम क लकपरय चहर क सहर नह लय ह,1
बस फिर इसके बाद तरह-तरह के तरीके आपको दूसरी डरावनी फिल्मों की याद दिलाते हैं।,neutral,बस फर इसक बद तरहतरह क तरक आपक दसर डरवन फलम क यद दलत ह,1
वह माइंडलेस मसाला फिल्मों पर तंज कसते हुए उन्हें आड़े हाथों लेती है।,neutral,वह मइडलस मसल फलम पर तज कसत हए उनह आड हथ लत ह,1
"निर्देशक सचिन कुंडालकर की फिल्म 'अइया' भी प्यार में डूबी एक लड़की की कहानी है, लेकिन यह प्यार लोगों को लुभाने के बजाए थकाता प्रतीत होता है।",neutral,नरदशक सचन कडलकर क फलम अइय भ पयर म डब एक लडक क कहन ह लकन यह पयर लग क लभन क बजए थकत परतत हत ह,1
उन कलाकारों की अदाकारी और लंबे समय तक हत्या का रहस्य बनाए रखने में कामयाब निर्देशक की सूझ-बूझ से फिल्म में रोचकता बनी रहती है।,neutral,उन कलकर क अदकर और लब समय तक हतय क रहसय बनए रखन म कमयब नरदशक क सझबझ स फलम म रचकत बन रहत ह,1
फिल्म का बैकग्राउंड स्कोर और गीत-संगीत उल्लेखनीय है।,neutral,फलम क बकगरउड सकर और गतसगत उललखनय ह,1
फिल्म का गीत-संगीत मधुर है और इन्हें भव्य तरीके से वीडियो म्यूजिक की तरह फिल्माया गया है।,neutral,फलम क गतसगत मधर ह और इनह भवय तरक स वडय मयजक क तरह फलमय गय ह,1
मगर इस बीच यह फिल्म अच्छा काम करती है।,neutral,मगर इस बच यह फलम अचछ कम करत ह,1
बालमन की निर्दोष संवेदना पर राजन खोसा ने समान संवेदनात्मक गहराई के साथ फिल्म बनाई है।,neutral,बलमन क नरदष सवदन पर रजन खस न समन सवदनतमक गहरई क सथ फलम बनई ह,1
ऐसा लगता है कि आलसी फिल्ममेकर ने यह बहाना ही बना लिया है कि फिल्म में सनी है तो बाकी सब अपने आप हो जाएगा।,neutral,ऐस लगत ह क आलस फलममकर न यह बहन ह बन लय ह क फलम म सन ह त बक सब अपन आप ह जएग,1
केदार शिंदे की फिल्म की शुरूआत अच्छी है,neutral,कदर शद क फलम क शरआत अचछ ह,1
इस फिल्म के संवाद भारतीय समाज के दैनंदिन जीवन में मुहावरों की तरह इस्तेमाल होते हैं।,neutral,इस फलम क सवद भरतय समज क दनदन जवन म महवर क तरह इसतमल हत ह,1
इंटरवल के बाद फिल्म उलझ जाती है।,neutral,इटरवल क बद फलम उलझ जत ह,1
अभिषेक चौबे की पहली फिल्म इश्किया मनोरंजक फिल्म है।,neutral,अभषक चब क पहल फलम इशकय मनरजक फलम ह,1
मुद्दस्सर अजीज के सुस्त निर्देशन के अलावा कमजोर संवाद फिल्म को कहीं खड़ा नहीं कर पाते। मूवी देखकर ही लगता है कि डायरेक्टर ने कहानी को बेवजह लंबा करने के लिए लोटस जैसे फिजूल करैक्टर और तारा व मोहित की जोड़ी को जबरन ठूंसा है।,neutral,मददससर अजज क ससत नरदशन क अलव कमजर सवद फलम क कह खड नह कर पत मव दखकर ह लगत ह क डयरकटर न कहन क बवजह लब करन क लए लटस जस फजल करकटर और तर व महत क जड क जबरन ठस ह,1
"किसी प्रकार की कोई गलतफहमी नहीं रहे, इसलिए विक्रम भट्ट ने फिल्म का नाम ही 'हॉरर स्टोरी' रख दिया।",neutral,कस परकर क कई गलतफहम नह रह इसलए वकरम भटट न फलम क नम ह हरर सटर रख दय,1
यह फिल्म टैक्स फ्री कर हिंदुस्तान के सभी दर्शकों को दिखानी चाहिए ताकि हम पाकिस्तान क े एक मुसलमान परिवार की व्यथा समझ सकें।,neutral,यह फलम टकस फर कर हदसतन क सभ दरशक क दखन चहए तक हम पकसतन क  एक मसलमन परवर क वयथ समझ सक,1
इस फिल्म को हम सिपल एडल्ट कॉमेडी की तरह ही देखें।,neutral,इस फलम क हम सपल एडलट कमड क तरह ह दख,1
अनुराग कश्यप की फिल्म 'अग्ली' के इस शीर्षक गीत को चैतन्य की भूमिका निभा रहे एक्टर विनीत कुमार सिंह ने लिखा है।,neutral,अनरग कशयप क फलम अगल क इस शरषक गत क चतनय क भमक नभ रह एकटर वनत कमर सह न लख ह,1
इस फिल्म की एक प्रासंगिक खासियत है।,neutral,इस फलम क एक परसगक खसयत ह,1
फिल्म के गीत-संगीत और सिनेमैटोग्राफी का जिक्र होना ही चाहिए।,neutral,फलम क गतसगत और सनमटगरफ क जकर हन ह चहए,1
लंदन से फिल्म डायरेक्शन की पढ़ाई पूरी कर वह मुंबई लौटता है।,neutral,लदन स फलम डयरकशन क पढई पर कर वह मबई लटत ह,1
इस फिल्म का सबसे माइनस पॉइंट यही है फिल्म की रफ्तार इतनी सुस्त है कि दर्शक उकताने लगते हैं। स्टार्ट टू फिनिश फिल्म में कोई ऐसा ट्विस्ट नहीं है जो दर्शकों को बांधने का दम रखता हो।,neutral,इस फलम क सबस मइनस पइट यह ह फलम क रफतर इतन ससत ह क दरशक उकतन लगत ह सटरट ट फनश फलम म कई ऐस टवसट नह ह ज दरशक क बधन क दम रखत ह,1
"फिल्म में अक्षय - करीना की जोड़ी के अलावा आधा दर्जन और कलाकार हैं , जिन्हें शायद इस छोटी सी लव स्टोरी को लंबा करने के मकसद से ही फिट किया गया। फिल्म में अक्षय हॉलिवुड फिल्मों के स्टंट मैन के रोल में हैं और निश्चित तौर पर उनके एक्शन सीन पिछली फिल्मों के मुकाबले बेहतरीन हैं। हॉलिवुड के युनिवर्सल और कोडक स्टूडियो के अलावा लॉस एंजिल्स , कैलफॉर्निया और वेनिस शहर की आउटडोर लोकेशन में कैमरामैन विकास सिवरमन की सिनेमेटोग्रफी का जवाब नहीं।",neutral,फलम म अकषय  करन क जड क अलव आध दरजन और कलकर ह  जनह शयद इस छट स लव सटर क लब करन क मकसद स ह फट कय गय फलम म अकषय हलवड फलम क सटट मन क रल म ह और नशचत तर पर उनक एकशन सन पछल फलम क मकबल बहतरन ह हलवड क यनवरसल और कडक सटडय क अलव लस एजलस  कलफरनय और वनस शहर क आउटडर लकशन म कमरमन वकस सवरमन क सनमटगरफ क जवब नह,1
"हां , रॉक ऑन के बाद एक बार फिर सुहाना ने अपनी ऐक्टिंग का लोहा मनवाया। फिल्म का म्यूजिक रिलीस से पहले ही टीनएजर्स की जुबां पर है। फिल्म के दो गाने कई म्यूजिक चार्ट में टॉप फाइव पर जगह बनाए हुए है।",neutral,ह  रक ऑन क बद एक बर फर सहन न अपन ऐकटग क लह मनवय फलम क मयजक रलस स पहल ह टनएजरस क जब पर ह फलम क द गन कई मयजक चरट म टप फइव पर जगह बनए हए ह,1
सुपर नानी' कमजोर फिल्म है।,neutral,सपर नन कमजर फलम ह,1
फिल्म में निर्माता-निर्देशक के तौर पर आए किरदारों को ठोस चरित्र दिए गए हैं।,neutral,फलम म नरमतनरदशक क तर पर आए करदर क ठस चरतर दए गए ह,1
वह उस पर दो फिल्में बना चुका है।,neutral,वह उस पर द फलम बन चक ह,1
उन्होंने इस फिल्म के भावात्मक विस्फोट के दृश्यों को अतिरेकी  नहीं होने दिया है।,neutral,उनहन इस फलम क भवतमक वसफट क दशय क अतरक  नह हन दय ह,1
अपनी फिल्म ' कल किसने देखा ' से अपने बेटे जैकी भगनानी को लॉन्च किया। लेकिन बेटे को ज्यादा से ज्यादा फुटेज देने की चाह में कहानी ऐसी तोड़ - मरोड़ दी गई कि फिल्म जैकी के कमजोर कंधों पर टिक कर रह गई।,neutral,अपन फलम  कल कसन दख  स अपन बट जक भगनन क लनच कय लकन बट क जयद स जयद फटज दन क चह म कहन ऐस तड  मरड द गई क फलम जक क कमजर कध पर टक कर रह गई,1
ललित मराठे ने अपनी फिल्म में मुख्य  किरदार लड़की को रखा है।,neutral,ललत मरठ न अपन फलम म मखय  करदर लडक क रख ह,1
पूरी फिल्म मुख्य रूप से सुनील शेट्टी और राजपाल यादव पर टिकी हुई।,neutral,पर फलम मखय रप स सनल शटट और रजपल यदव पर टक हई,1
"फिल्म छोटी है और घटनाएं तेजी से घटती हैं, यही फिल्म की नाममात्र खूबी है।",neutral,फलम छट ह और घटनए तज स घटत ह यह फलम क नममतर खब ह,1
शुरुआत से ही रमेश सिप्पी ने शानदार बड़ी फिल्म की योजना बनाई थी।,neutral,शरआत स ह रमश सपप न शनदर बड़ फलम क यजन बनई थ,1
कॉकटेल हिंदी फिल्मों की पीढि़यों पुरानी सोच को फिर से स्थापित करती है।,neutral,ककटल हद फलम क पढय परन सच क फर स सथपत करत ह,1
ऐसी फिल्मों में नायिकाएं सिर्फ शोपीस होती हैं।,neutral,ऐस फलम म नयकए सरफ शपस हत ह,1
उन्हें असल जिंदगी में हिंदी फिल्म जगत को बॉलीवुड कहना पसंद नहीं है।,neutral,उनह असल जदग म हद फलम जगत क बलवड कहन पसद नह ह,1
फिल्म के दृश्यों और गानों में कमर्शियल टायअप के उत्पादों का बेधड़क इस्तेमाल खटकता है।,neutral,फलम क दशय और गन म कमरशयल टयअप क उतपद क बधड़क इसतमल खटकत ह,1
तीसरी फिल्म की शूटिंग के लिए मलेशिया जाता है।,neutral,तसर फलम क शटग क लए मलशय जत ह,1
निर्देशक कमल सदाना ने नए विषय पर फिल्म बनाने की कोशिश की है।,neutral,नरदशक कमल सदन न नए वषय पर फलम बनन क कशश क ह,1
फिल्म की कहानी बिखरी हुई है और पटकथा तो पहले ड्राफ्ट की ही लगती है।,neutral,फलम क कहन बखर हई ह और पटकथ त पहल डरफट क ह लगत ह,1
"फिल्म के अंत में हम देखते हैं कि अमर जोशी आर्ट, उद्देश्य, गंभीर सिनेमा को भूल कर कमर्शियल चपेट में आ चुका है।",neutral,फलम क अत म हम दखत ह क अमर जश आरट उददशय गभर सनम क भल कर कमरशयल चपट म आ चक ह,1
इन दिनों बहुत कम फिल्मों में गीत-संगीत फिल्म के भाव को छू पाते हैं।,neutral,इन दन बहत कम फलम म गतसगत फलम क भव क छ पत ह,1
क्या यही सच है फिल्म के अंत में दिए इस संदेश में फिल्म का सार है।,neutral,कय यह सच ह फलम क अत म दए इस सदश म फलम क सर ह,1
"पप्पू कांट डांस साला एक सीधी सरल फिल्म है, जो बासु चटर्जी और हृषीकेश  मुखर्जी के दौर की फिल्मों से जुड़ती है।",neutral,पपप कट डस सल एक सध सरल फलम ह ज बस चटरज और हषकश  मखरज क दर क फलम स जडत ह,1
फिल्म में हुआ खर्च हर दृश्य में टपकता है।,neutral,फलम म हआ खरच हर दशय म टपकत ह,1
अमित शर्मा की फिल्म 'तेवर' 2003 में तेलुगू में बनी 'ओक्काड़ु' की रीमेक है।,neutral,अमत शरम क फलम तवर  म तलग म बन ओककड क रमक ह,1
फिल्म का निर्देशन असाधारण है।,neutral,फलम क नरदशन असधरण ह,1
जानकी विश्वनाथन ने इस छोटी फिल्म में किसी निष्कर्ष तक नहीं पहुंचती हैं।,neutral,जनक वशवनथन न इस छट फलम म कस नषकरष तक नह पहचत ह,1
हिंदी फिल्मों में मनोरंजन की आक्रामक धूप से तिलमिलाए दर्शकों के लिए यह ठंडी छांव और बार की तरह है।,neutral,हद फलम म मनरजन क आकरमक धप स तलमलए दरशक क लए यह ठड छव और बर क तरह ह,1
अगर आप हल्की - फुलकी और साफ - सुथरी टाइम पास फिल्म फैमिली के साथ देखना चाहते है तो बेहिचक जाएं।,neutral,अगर आप हलक  फलक और सफ  सथर टइम पस फलम फमल क सथ दखन चहत ह त बहचक जए,1
इंटरवल के बाद जावेद और राजपाल की दमदार एंट्री के बाद फिल्म कुछ दिलचस्प बनती है।,neutral,इटरवल क बद जवद और रजपल क दमदर एटर क बद फलम कछ दलचसप बनत ह,1
"बस मुश्किल यही है कि बॉलिवुड में किसी भी सब्जेक्ट पर फिल्म बने , बॉक्स ऑफिस में उसकी धूम जमाने की चाह में उसमें ऐसे चालू मसाले डाले जाते हैं कि कहानी कहां से कहां पहुंच जाती है। कुछ यही हाल करोड़ों के बजट और इंडस्ट्री के दो नामी और महंगे स्टार्स अमिताभ और संजय दत्त को लेकर बनी इस फिल्म के हैं। बेहतरीन स्पेशल इफेक्ट्स और गजब की फोटोग्राफी के बावजूद कमजोर स्क्रिप्ट की वजह से यह दर्शकों की कसौटी पर खरी नहीं उतर पाती।",neutral,बस मशकल यह ह क बलवड म कस भ सबजकट पर फलम बन  बकस ऑफस म उसक धम जमन क चह म उसम ऐस चल मसल डल जत ह क कहन कह स कह पहच जत ह कछ यह हल करड क बजट और इडसटर क द नम और महग सटरस अमतभ और सजय दतत क लकर बन इस फलम क ह बहतरन सपशल इफकटस और गजब क फटगरफ क बवजद कमजर सकरपट क वजह स यह दरशक क कसट पर खर नह उतर पत,1
फिल्म अंत में नया मोड़ ले लेती है।,neutral,फलम अत म नय मड ल लत ह,1
प्रभु देवा फिल्मों  के बेहतरीन डांसर हैं।,neutral,परभ दव फलम  क बहतरन डसर ह,1
गीतकार सुब्रत सिन्हा के लिखे गानों में नयापन और बोलों में ताजगी का एहसास लगता है। फिल्म के पांच गीत म्यूजिक चार्ट में लंबे अर्से से टॉप फाइव पर हैं।,neutral,गतकर सबरत सनह क लख गन म नयपन और बल म तजग क एहसस लगत ह फलम क पच गत मयजक चरट म लब अरस स टप फइव पर ह,1
निर्देशक ने इस फिल्म में उनके सामर्थ्य का उपयोग गैरजरूरी समझा है।,neutral,नरदशक न इस फलम म उनक समरथय क उपयग गरजरर समझ ह,1
जावेद अख्तर और प्रीतम जैसे नामों के बावजूद फिल्म का गीत - संगीत एवरेज है। फरदीन और जेनेलिया को छोड़ दें तो कोई भी कलाकार आकर्षित नहीं करता।,neutral,जवद अखतर और परतम जस नम क बवजद फलम क गत  सगत एवरज ह फरदन और जनलय क छड द त कई भ कलकर आकरषत नह करत,1
"अतीत की ऐसी कथाएं किसी भी देश के इतिहास के संरक्षण और वर्तमान के लिए बहुत जरूरी होती हैं, लेकिन उन्हें गहरे शोध और साक्ष्यों के आधार पर फिल्म की कहानी लिखी है।",neutral,अतत क ऐस कथए कस भ दश क इतहस क सरकषण और वरतमन क लए बहत जरर हत ह लकन उनह गहर शध और सकषय क आधर पर फलम क कहन लख ह,1
हिंदी फिल्मों ने हमें बताया है कि बुरे काम का बुरा नतीजा होता है।,neutral,हद फलम न हम बतय ह क बर कम क बर नतज हत ह,1
यह फिल्म इसलिए भी महत्वपूर्ण हो जाती है कि वे फिलहाल भाजपा के सांसद हैं।,neutral,यह फलम इसलए भ महतवपरण ह जत ह क व फलहल भजप क ससद ह,1
अन्नू कपूर इस फिल्म के नायक हैं।,neutral,अनन कपर इस फलम क नयक ह,1
फिल्म में बिजनेस टाइकून बने अमृत चोपड़ा (राजेश खन्ना) स्क्रीन पर खूबसूरत बीवी बीना (सारा खान) के साथ हर बार बुझे-बुझे नजर आए। फिल्म में काका की ऐक्टिंग और उनकी बेहद कमजोर डायलॉग डिलिवरी देख लगता है जैसे वह इस फिल्म को करना ही नहीं चाहते थे। हैरानी की बात है कि फिल्म के कई दृश्यों में काका के होंठ बंद होते हैं लेकिन उनकी आवाज सुनाई देती है।,neutral,फलम म बजनस टइकन बन अमत चपड रजश खनन सकरन पर खबसरत बव बन सर खन क सथ हर बर बझबझ नजर आए फलम म कक क ऐकटग और उनक बहद कमजर डयलग डलवर दख लगत ह जस वह इस फलम क करन ह नह चहत थ हरन क बत ह क फलम क कई दशय म कक क हठ बद हत ह लकन उनक आवज सनई दत ह,1
अमूमन बाल फिल्मों में बड़ों के दृष्टिकोण के हावी होने का खतरा रहता है या फिर फिल्में उपदेशात्मक हो जाती हैं।,neutral,अममन बल फलम म बड क दषटकण क हव हन क खतर रहत ह य फर फलम उपदशतमक ह जत ह,1
वे फिल्म के कथ्य और भाव को सही ढंग से संप्रेषित नहीं कर पाते।,neutral,व फलम क कथय और भव क सह ढग स सपरषत नह कर पत,1
फिल्म में इवंस ने लेखक का किरदार निभाया है।,neutral,फलम म इवस न लखक क करदर नभय ह,1
फिल्म का टाइटल दर्शाते सीन पसंद आएंगे।,neutral,फलम क टइटल दरशत सन पसद आएग,1
इस फिल्म की विशेषता है कि अगले दृश्यों और प्रसंगों का अनुमान नहीं हो पाता।,neutral,इस फलम क वशषत ह क अगल दशय और परसग क अनमन नह ह पत,1
सलमान खान की लोकप्रियता का यह आलम है कि अगर कल को कोई उनकी एक हफ्ते की गतिविधियों की चुस्त एडीटिंग कर फिल्म या डाक्यूमेंट्री बना दे तो भी उनके फैन उसे देखने जाएंगे।,neutral,सलमन खन क लकपरयत क यह आलम ह क अगर कल क कई उनक एक हफत क गतवधय क चसत एडटग कर फलम य डकयमटर बन द त भ उनक फन उस दखन जएग,1
फिल्म में जो महत्वपूर्ण है वो है एक्शन और स्टंट सीन।,neutral,फलम म ज महतवपरण ह व ह एकशन और सटट सन,1
फिल्म के अंतिम दृश्य में सहयात्री के रूप में आए रणबीर कपूर भी उतने ही जंचते हैं।,neutral,फलम क अतम दशय म सहयतर क रप म आए रणबर कपर भ उतन ह जचत ह,1
"ओह माय गॉड','पीके' और 'दोजख' के बाद 'धर्म संकट में' भी इसी कैटेगरी की फिल्म है।",neutral,ओह मय गडपक और दजख क बद धरम सकट म भ इस कटगर क फलम ह,1
"मान सकते हैं कि 2 घंटे 33 मिनट की फिल्म में सदियों से चली आ रही आस्था की जड़ों और वजहों में जाने की गुंजाइश नहीं हो सकती थी, लेकिन धर्म सिर्फ कथित मैनेजरों और तपस्वियों का प्रपंच नहीं है।",neutral,मन सकत ह क  घट  मनट क फलम म सदय स चल आ रह आसथ क जड और वजह म जन क गजइश नह ह सकत थ लकन धरम सरफ कथत मनजर और तपसवय क परपच नह ह,1
"लंका धूसर रंग की खुरदुरी फिल्म है, लेकिन क्या टीवी और फिल्मों से बाहर का हमारा समाज ऐसा ही नहीं है।",neutral,लक धसर रग क खरदर फलम ह लकन कय टव और फलम स बहर क हमर समज ऐस ह नह ह,1
यह मूल से बिल्कुल अलग फिल्म है।,neutral,यह मल स बलकल अलग फलम ह,1
ब्रांड सलमान को ध्यान में रख कर बनाई गई फिल्मों में सारे उपादानों के केंद्र में वही रहते हैं।,neutral,बरड सलमन क धयन म रख कर बनई गई फलम म सर उपदन क कदर म वह रहत ह,1
फ्लैशबैक में बनी यह फिल्म जैनब के दर्द को उसके सामाजिक परिवेश और पारिवारिक माहौल में पेश करती है।,neutral,फलशबक म बन यह फलम जनब क दरद क उसक समजक परवश और परवरक महल म पश करत ह,1
बैटमैन परंपरा की यह तीसरी और आखिरी फिल्म भव्यता व कथन के स्तर पर द डॉर्क नाइट  के स्तर की लगती है।,neutral,बटमन परपर क यह तसर और आखर फलम भवयत व कथन क सतर पर द डरक नइट  क सतर क लगत ह,1
पिछली फिल्म में तीनों बूढ़े गोवा गए थे।,neutral,पछल फलम म तन बढ गव गए थ,1
फिल्म इतनी तेजी के साथ आगे बढ़ती है कि कुछ सोचने-समझने की फुर्सत नहीं मिलती है।,neutral,फलम इतन तज क सथ आग बढत ह क कछ सचनसमझन क फरसत नह मलत ह,1
फिल्म में दृश्यों और एक्शन के दोहराव हैं।,neutral,फलम म दशय और एकशन क दहरव ह,1
साहिल प्रेम ने ऐसी फिल्मों की परंपरा में ही कुछ नया करने की कोशिश की है।,neutral,सहल परम न ऐस फलम क परपर म ह कछ नय करन क कशश क ह,1
नॉट ए लव स्टोरी देखकर लगता  है कि अगर  आप के पास एक पावरफुल कहानी है और सशक्त अभिनेता हैं तो कम से कम लागत में भी फिल्में बनाई जा सकती हैं।,neutral,नट ए लव सटर दखकर लगत  ह क अगर  आप क पस एक पवरफल कहन ह और सशकत अभनत ह त कम स कम लगत म भ फलम बनई ज सकत ह,1
"सिर्फ पैसे के दम पर अच्छी और दर्शकों को बांधें रखने वाली फिल्म कोई नहीं बना सकता। इसका जीता जागता उदाहरण है , 100 करोड़ से ज्यादा के बजट में बनी फिल्म ब्लू।",neutral,सरफ पस क दम पर अचछ और दरशक क बध रखन वल फलम कई नह बन सकत इसक जत जगत उदहरण ह   करड स जयद क बजट म बन फलम बल,1
सुपवित्र बाबुल की बिट्टू बॉस हिंदी फिल्मों की इसी पुरानी कहानी को नए अंदाज में कहते हैं।,neutral,सपवतर बबल क बटट बस हद फलम क इस परन कहन क नए अदज म कहत ह,1
बताया जा रहा है कि उन्होंने फिल्म में कुछ नए दृश्य जोड़े हैं और इसका स्केल बढ़ा दिया है।,neutral,बतय ज रह ह क उनहन फलम म कछ नए दशय जड़ ह और इसक सकल बढ दय ह,1
यह फिल्म कुछ जरूरी सवाल उठाती है।,neutral,यह फलम कछ जरर सवल उठत ह,1
फिल्म नए ढंग से कुछ कहने की कोशिश करती है।,neutral,फलम नए ढग स कछ कहन क कशश करत ह,1
"इस फिल्म में लॉजिक, कार्य-कारण या विश्वसनीयता की उम्मीद न करें।",neutral,इस फलम म लजक करयकरण य वशवसनयत क उममद न कर,1
"फिल्म खूबसूरत गोवा में सेट है, वह भी बारिश के सुहाने मौसम जून में।",neutral,फलम खबसरत गव म सट ह वह भ बरश क सहन मसम जन म,1
"निश्चित ही उनकी अगुआई में इस फिल्म  की रिसर्च, लेखन और टेक्नीकल टीम ने उल्लेखनीय काम किया है।",neutral,नशचत ह उनक अगआई म इस फलम  क रसरच लखन और टकनकल टम न उललखनय कम कय ह,1
पूरी फिल्म में इमरान का काम सबसे शानदार है।,neutral,पर फलम म इमरन क कम सबस शनदर ह,1
ऐसी फिल्मों के लिए परेश रावल उपयुक्त कलाकार हैं।,neutral,ऐस फलम क लए परश रवल उपयकत कलकर ह,1
"फिल्म की थीम के हिसाब से सलेटी रंग चुना गया है, लेकिन वह अधिक काम नहीं आ पाता।",neutral,फलम क थम क हसब स सलट रग चन गय ह लकन वह अधक कम नह आ पत,1
यह फिल्म भारतीय समाज के एक विशेष इलाके में चल रही भ्रष्ट व्यवस्था को उजागर करती है।,neutral,यह फलम भरतय समज क एक वशष इलक म चल रह भरषट वयवसथ क उजगर करत ह,1
लेकिन शायद इसका भी कोई असर फिल्म को संजोने में नहीं हो पाया,neutral,लकन शयद इसक भ कई असर फलम क सजन म नह ह पय,1
दिबाकर बनर्जी की यह फिल्म यशराज फिल्म्स के सहयोग से आई है।,neutral,दबकर बनरज क यह फलम यशरज फलमस क सहयग स आई ह,1
मूल फिल्म की तरह इस फिल्म में भी धर्म और धार्मिक पहचान के संकट का चित्रण कॉमिकल रखा गया है।,neutral,मल फलम क तरह इस फलम म भ धरम और धरमक पहचन क सकट क चतरण कमकल रख गय ह,1
इसके बावजूद फिल्म बांध नहीं पाती।,neutral,इसक बवजद फलम बध नह पत,1
सलमान खान की इधर की फिल्में उसी श्रेणी में आती हैं।,neutral,सलमन खन क इधर क फलम उस शरण म आत ह,1
अगर यह स्थानीय रंग में लिपटी रहती तो बेहतरीन फिल्म होती।,neutral,अगर यह सथनय रग म लपट रहत त बहतरन फलम हत,1
"लुक में वे कहीं से भी प्रेरित हो सकते हैं, लेकिन मिजाज में वे इस फिल्म के ग्रे किरदार ही हैं।",neutral,लक म व कह स भ पररत ह सकत ह लकन मजज म व इस फलम क गर करदर ह ह,1
रितेश बत्रा ने किरदारों के चित्रण में मितव्ययिता से फिल्म को चुस्त रखा है।,neutral,रतश बतर न करदर क चतरण म मतवययत स फलम क चसत रख ह,1
संदीप वर्मा की फिल्म 'मंजुनाथ' मंजुनाथ षणमुगम के बॉयोपिक में इन सवालों से सीधे नहीं टकराती।,neutral,सदप वरम क फलम मजनथ मजनथ षणमगम क बयपक म इन सवल स सध नह टकरत,1
फिल्म का हीरो पोल डांस करते हुए आयटम सॉन्ग भी गाता है।,neutral,फलम क हर पल डस करत हए आयटम सनग भ गत ह,1
फिल्म उम्मीद से ज्यादा ही डल है।,neutral,फलम उममद स जयद ह डल ह,1
यही वजह है कि फिल्म अंतिक प्रभाव में असरदार नहीं लगती।,neutral,यह वजह ह क फलम अतक परभव म असरदर नह लगत,1
श्रीराम राघवन की 'बदलापुर' हिंदी फिल्मों के प्रचलित जोनर बदले की कहानी है।,neutral,शररम रघवन क बदलपर हद फलम क परचलत जनर बदल क कहन ह,1
उससे आकर्षित होकर फिल्म देखने गए दर्शकों को निराशा नहीं होगी।,neutral,उसस आकरषत हकर फलम दखन गए दरशक क नरश नह हग,1
फिल्म के शीर्षक और विषय का परस्पर संबंध में समझ में नहीं आता।,neutral,फलम क शरषक और वषय क परसपर सबध म समझ म नह आत,1
"इसके बाद फिल्म में वही ड्रामा शुरू होता है , जो कभी सत्तर-अस्सी के दशक में बनने वाली फिल्मों में नजर आता था। इस छोटी सी कहानी में जब भी ठहराव आने लगता है झट से पुलिस के आला अधिकारी बने जॉनी लीवर अजीबोगरीब हरकतें करते नजर आते हैं। कमजोर पटकथा , लचर अभिनय और सुस्त निर्देशन के चलते फिल्म कहीं भी दर्शकों को बांध नहीं पाती।",neutral,इसक बद फलम म वह डरम शर हत ह  ज कभ सततरअसस क दशक म बनन वल फलम म नजर आत थ इस छट स कहन म जब भ ठहरव आन लगत ह झट स पलस क आल अधकर बन जन लवर अजबगरब हरकत करत नजर आत ह कमजर पटकथ  लचर अभनय और ससत नरदशन क चलत फलम कह भ दरशक क बध नह पत,1
"फिल्म के मुख्य कलाकारों अन्नू कपूर, आयुष्मान खुराना, डोली आहलूवालिया, कमलेश गिल, जयंत दास ने लेखक-निर्देशक की संकल्पना को पर्दे पर बखूबी उतारा है।",neutral,फलम क मखय कलकर अनन कपर आयषमन खरन डल आहलवलय कमलश गल जयत दस न लखकनरदशक क सकलपन क परद पर बखब उतर ह,1
"फिल्म में एक संवाद है कि जो बात समझ में नहीं आती, वह सुनाई भी नहीं पड़ती।",neutral,फलम म एक सवद ह क ज बत समझ म नह आत वह सनई भ नह पडत,1
केतन मेहता ने पीरियड फिल्म की जरूरत के मुताबिक परिवेश तैयार किया है।,neutral,कतन महत न परयड फलम क जररत क मतबक परवश तयर कय ह,1
"इमरान हाशमी इस फिल्म में राज -2 के बाद एकबार फिर पेंटर बने है और अपने रोल में जमे हैं , लेकिन सोहा संजना के रोल में पूरी तरह मिस फिट नजर आती हैं। रिलीस से पहले की गई फिल्म की पब्लिसिटी में इसे मुंबई में हुई बारिश पर बेस्ड फिल्म बताकर प्रचारित किया गया , लेकिन अफसोस डायरेक्टर इमरान सोहा की लव स्टोरी में बारिश को भूल गए। फिल्म का संगीत भट्ट कैंप की पिछली फिल्मों के मुकाबले कमजोर है।",neutral,इमरन हशम इस फलम म रज  क बद एकबर फर पटर बन ह और अपन रल म जम ह  लकन सह सजन क रल म पर तरह मस फट नजर आत ह रलस स पहल क गई फलम क पबलसट म इस मबई म हई बरश पर बसड फलम बतकर परचरत कय गय  लकन अफसस डयरकटर इमरन सह क लव सटर म बरश क भल गए फलम क सगत भटट कप क पछल फलम क मकबल कमजर ह,1
पिछली फिल्मों में वे पहले जैसी चमक भी नहीं दिखा सके।,neutral,पछल फलम म व पहल जस चमक भ नह दख सक,1
कह सकते हैं कि 'शोले' हिंदी दर्शकों के बीच सर्वाधिक देखी कई फिल्म है।,neutral,कह सकत ह क शल हद दरशक क बच सरवधक दख कई फलम ह,1
मगर ऐसा हर साल कई फिल्मों के साथ देखा जाता है कि मजबूत स्टारकास्ट होने के बूत फिल्म सफल नहीं हो सकती है।,neutral,मगर ऐस हर सल कई फलम क सथ दख जत ह क मजबत सटरकसट हन क बत फलम सफल नह ह सकत ह,1
शॉर्टकट रोमियो' एक ऊबाऊ फिल्म है।,neutral,शरटकट रमय एक ऊबऊ फलम ह,1
लीला नायडू के अभिनय की अच्छी चर्चा हुई और फिल्म को राष्ट्रीय पुरस्कार भी मिला।,neutral,लल नयड क अभनय क अचछ चरच हई और फलम क रषटरय परसकर भ मल,1
फिल्म के किरदार ढंग से नहीं गढ़े गए हैं।,neutral,फलम क करदर ढग स नह गढ गए ह,1
"लेखक-निर्देशक ने सिनेमाई छूट लेते हुए राष्ट्रवाद, देशभक्ति और वंदे मातरम भी फिल्म में शामिल कर दिया है।",neutral,लखकनरदशक न सनमई छट लत हए रषटरवद दशभकत और वद मतरम भ फलम म शमल कर दय ह,1
फिल्म में कुछ सवाल बिना जवाब के ही रह गए हैं।,neutral,फलम म कछ सवल बन जवब क ह रह गए ह,1
पीरियड फिल्म में उनका उच्चारण और लहजा आड़े आ जाता है।,neutral,परयड फलम म उनक उचचरण और लहज आड आ जत ह,1
फिल्म को जिस उत्साह की जरूरत थी वान ने उस चीज को फिल्म में डाला।,neutral,फलम क जस उतसह क जररत थ वन न उस चज क फलम म डल,1
श्रीराम राघवन ने बदले की रोमांचक फिल्म को नया ट्विस्ट दे दिया है।,neutral,शररम रघवन न बदल क रमचक फलम क नय टवसट द दय ह,1
फिल्म के अंत में लेखक-निर्देशक ने झिमली के जरिए अनावश्यक ही अपनी बात और लायक की मंशा स्पष्ट कर दी है।,neutral,फलम क अत म लखकनरदशक न झमल क जरए अनवशयक ह अपन बत और लयक क मश सपषट कर द ह,1
"वह केंद्रीय चरित्र जरूर हैं, लेकिन फिल्म में अनेक चरित्र आते-जाते हैं।",neutral,वह कदरय चरतर जरर ह लकन फलम म अनक चरतर आतजत ह,1
फिल्म के किरदार थोपे हुए नहीं लगते।,neutral,फलम क करदर थप हए नह लगत,1
"डायरेक्टर , शमित आखिर तक यह समझा नहीं पाए कि उनकी फिल्म का हीरो बॉस की नजरों में खुद को जीरो से हीरो बनाने की दौड़ में शामिल क्यों नहीं होता। लगता है , शमित को कंप्यूटर इंडस्ट्री का अच्छा खासा तजुर्बा है तभी तो आधी से ज्यादा फिल्म कंप्यूटर की सेल सर्विस , प्राफिट , और सरकारी कंपनियों में प्रॉडक्ट बेचने की ट्रिक समझने समझाने में बीत जाती है।",neutral,डयरकटर  शमत आखर तक यह समझ नह पए क उनक फलम क हर बस क नजर म खद क जर स हर बनन क दड म शमल कय नह हत लगत ह  शमत क कपयटर इडसटर क अचछ खस तजरब ह तभ त आध स जयद फलम कपयटर क सल सरवस  परफट  और सरकर कपनय म परडकट बचन क टरक समझन समझन म बत जत ह,1
उनकी सही टाइमिंग और कॉमिकल अप्रोच से फिल्म कहीं-कहीं इटरेस्टिंग हो जाती है।,neutral,उनक सह टइमग और कमकल अपरच स फलम कहकह इटरसटग ह जत ह,1
"कैमरे और लेटेस्ट तकनीक के बेहतर इस्तेमाल ने इस कहानी को सी क्लास हॉरर फिल्मों से अलग श्रेणी में लाकर रख दिया है।
वत्सल सेठ और अयूब खान इस फिल्म की सबसे कमजोर कड़ी हैं।",neutral,"कमर और लटसट तकनक क बहतर इसतमल न इस कहन क स कलस हरर फलम स अलग शरण म लकर रख दय ह
वतसल सठ और अयब खन इस फलम क सबस कमजर कड ह",1
"फास्ट एंड फ्यूरियस 7' के प्रमोशन के लिए उत्साहित अली फजल इस बार , शॉ डेकर्ड (जेसन स्टेथम) उस गैंग को तोड़ने के लिए बाहर है जिसके कारण उसके भाई को पिछली फिल्म में अस्पताल जाना पड़ा था।",neutral,फसट एड फयरयस  क परमशन क लए उतसहत अल फजल इस बर  श डकरड जसन सटथम उस गग क तड़न क लए बहर ह जसक करण उसक भई क पछल फलम म असपतल जन पड़ थ,1
फिल्म में भी जबरदस्ती के और भड़काऊ सवादों की भरमार है।,neutral,फलम म भ जबरदसत क और भड़कऊ सवद क भरमर ह,1
फिल्म में कार के साथ ही कुछ किरदार भी बदले गए हैं।,neutral,फलम म कर क सथ ह कछ करदर भ बदल गए ह,1
रोहन सिप्पी ने एक फ्रांसीसी फिल्म की कहानी का भारतीयकरण किया है।,neutral,रहन सपप न एक फरसस फलम क कहन क भरतयकरण कय ह,1
लक्ष्मी' आर्ट फिल्म के प्रभाव में बनायी गई साधारण फिल्म है।,neutral,लकषम आरट फलम क परभव म बनय गई सधरण फलम ह,1
स्टार्ट टू एंड मिथुन फिल्म में छाए हुए हैं।,neutral,सटरट ट एड मथन फलम म छए हए ह,1
फिल्म के मुख्य किरदारों के साथ-साथ छोटे-मोटे सहयोगी किरदारों के चित्रण पर भी लेखकों ने समुचित ध्यान दिया था।,neutral,फलम क मखय करदर क सथसथ छटमट सहयग करदर क चतरण पर भ लखक न समचत धयन दय थ,1
"इंसीडियस 3' को जेसन ब्लम, जेम्स वेन और ओरेन पेली ने फिल्म को को-प्रोड्यूस किया है।",neutral,इसडयस  क जसन बलम जमस वन और ओरन पल न फलम क कपरडयस कय ह,1
कारण कि फिल्म की मजबूती के लिए बाकी बातें भी जरूरी होती है।,neutral,करण क फलम क मजबत क लए बक बत भ जरर हत ह,1
भगवान उसकी इस प्रार्थना को सुनते हैं और दूबे ( सौरभ शुक्ला ) के रूप में उसके सपने पूरे करने आते है। बस यहीं से कहानी भटक जाती है। कमजोर स्क्रिप्ट और डाइरेक्टर की हल्की पकड़ के चलते फिल्म दर्शकों को कहीं भी बांध नहीं पाती।,neutral,भगवन उसक इस पररथन क सनत ह और दब  सरभ शकल  क रप म उसक सपन पर करन आत ह बस यह स कहन भटक जत ह कमजर सकरपट और डइरकटर क हलक पकड क चलत फलम दरशक क कह भ बध नह पत,1
कई ऐसे दृश्य हैं जो बेवजह हैं या जिनको हटाकर फिल्म को चालीस मिनट तक कम किया जा सकता था।,neutral,कई ऐस दशय ह ज बवजह ह य जनक हटकर फलम क चलस मनट तक कम कय ज सकत थ,1
"मुख्य रूप से रीतेश देशमुख, विवेक ओबरॉय और आफताब शिवदसानी पर यह फिल्म टिकी है।",neutral,मखय रप स रतश दशमख ववक ओबरय और आफतब शवदसन पर यह फलम टक ह,1
पुरबिया और भोपाली लहजे से फिल्म की भाषा कथ्य के अनुकूल हो गई है।,neutral,परबय और भपल लहज स फलम क भष कथय क अनकल ह गई ह,1
यह फिल्म आज तक की सब से बेहतरीन फिल्म है.,neutral,यह फलम आज तक क सब स बहतरन फलम ह,1
फिल्म  के  साथ  तीन  संगीतकारों  का  नाम  जुड़ा  होने  के  बावजूद  फिल्म  में  ऐसा  कोई  गाना  नहीं  जो  म्यूजिक  लवर्स  की  जुबां  पर  चढ़ने  का  दम  रखता  हो।,neutral,फलम  क  सथ  तन  सगतकर  क  नम  जड  हन  क  बवजद  फलम  म  ऐस  कई  गन  नह  ज  मयजक  लवरस  क  जब  पर  चढन  क  दम  रखत  ह,1
फिल्मों  के संवाद में हिंदी व्यंग्यकारों की परंपरा का मारक अंदाज है।,neutral,फलम  क सवद म हद वयगयकर क परपर क मरक अदज ह,1
ऐसा लगता है कि दोनों ने लड़कियों की खरीद-बिक्री पर एक उद्देश्यपूर्ण फिल्म बनाने का फैसला किया और फिर बजट सीमित रखने के लिए स्वयं अभिनय भी कर लिया।,neutral,ऐस लगत ह क दन न लड़कय क खरदबकर पर एक उददशयपरण फलम बनन क फसल कय और फर बजट समत रखन क लए सवय अभनय भ कर लय,1
फिल्म उस एपिसोड की भांति है जिसे आप रिजेक्ट कर देते हैं।,neutral,फलम उस एपसड क भत ह जस आप रजकट कर दत ह,1
दूसरे फिल्म की कथा भी इतनी दमदार नहीं है कि वह बांधे रख सके।,neutral,दसर फलम क कथ भ इतन दमदर नह ह क वह बध रख सक,1
सतीश सारथी के अभिनय और चरित्रांकन में हिंदी फिल्मों के व्याकरण का उपयोग नहीं किया गया है।,neutral,सतश सरथ क अभनय और चरतरकन म हद फलम क वयकरण क उपयग नह कय गय ह,1
साथ ही इस फिल्म के लिए विशेष रूप से लिखे गए गीत की पंक्तियां फिल्म की थीम से मेल खाती हैं।,neutral,सथ ह इस फलम क लए वशष रप स लख गए गत क पकतय फलम क थम स मल खत ह,1
"रजा  मुराद  ,  विद्या  सिन्हा  ,  अमिता  नागिया  जैसे  मंझे  हुए  कलाकारों  के  बावजूद  फिल्म  में  कोई  भी  प्रभावित  नहीं  कर  पाता।

 यही  वजह  है  शुक्रवार  को  इक्का  दुक्का  थिएटरों  पर  प्रदर्शित  हुई  फिल्म  देखने  पहुंचे  दर्शक  उंगलियों  पर  गिने  जा  सकते  थे।",neutral,"रज  मरद    वदय  सनह    अमत  नगय  जस  मझ  हए  कलकर  क  बवजद  फलम  म  कई  भ  परभवत  नह  कर  पत

 यह  वजह  ह  शकरवर  क  इकक  दकक  थएटर  पर  परदरशत  हई  फलम  दखन  पहच  दरशक  उगलय  पर  गन  ज  सकत  थ",1
इस फिल्म के गीत-संगीत में भी वे सारी खूबियां हैं।,neutral,इस फलम क गतसगत म भ व सर खबय ह,1
चित्रांगदा  सिंह पहली कमर्शियल  फिल्म के जोश में हैं।,neutral,चतरगद  सह पहल कमरशयल  फलम क जश म ह,1
जरूरी तो नहीं कि मुद्दे पर बनी फिल्मों में जरूरी तकनीकी पक्षों को नजरअंदाज किया जाए।,neutral,जरर त नह क मदद पर बन फलम म जरर तकनक पकष क नजरअदज कय जए,1
पिछली फिल्म बैंड बाजा बारात में दोनों के बीच की केमिस्ट्री की ताजगी असर कर गई थी।,neutral,पछल फलम बड बज बरत म दन क बच क कमसटर क तजग असर कर गई थ,1
अगर केतन केहता की 'रंग रसिया' समय से रिलीज हो गई होती तो बॉयोपिक के दौर की आरंभिक फिल्म होती।,neutral,अगर कतन कहत क रग रसय समय स रलज ह गई हत त बयपक क दर क आरभक फलम हत,1
फिल्म में जरूरत से ज्यादा गाने और आगे-पीछे की दृश्यों से उनकी संगति भी नहीं बैठती।,neutral,फलम म जररत स जयद गन और आगपछ क दशय स उनक सगत भ नह बठत,1
रैमो डिसूजा ने फिल्मा में भव्यता रखी है।,neutral,रम डसज न फलम म भवयत रख ह,1
निर्देशक क्रिस्टोफर नोलान पिछले साल की गर्मियों में अपनी टीम के साथ जोधपुर के मेहरानगढ़ किले में फिल्म के जेल वाले हिस्से की शूटिंग करने आए थे।,neutral,नरदशक करसटफर नलन पछल सल क गरमय म अपन टम क सथ जधपर क महरनगढ कल म फलम क जल वल हसस क शटग करन आए थ,1
यह फिल्म आरव के संघर्ष के साथ ही भारतीय और एशियाई मूल के लोगों के प्रति श्वेतरंगी समुदाय की श्रेष्ठ ग्रंथि को भी दर्शाती है।,neutral,यह फलम आरव क सघरष क सथ ह भरतय और एशयई मल क लग क परत शवतरग समदय क शरषठ गरथ क भ दरशत ह,1
इस फिल्म में वह रिकी और ईशिका के बीच हो जाता है।,neutral,इस फलम म वह रक और ईशक क बच ह जत ह,1
कई फिल्मों को देखते हुए स्पष्ट पता चलता है कि कुछ कलाकार अपने किरदारों को लेकर अधिक आश्वस्त नहीं रहते।,neutral,कई फलम क दखत हए सपषट पत चलत ह क कछ कलकर अपन करदर क लकर अधक आशवसत नह रहत,1
अभिनय की बात करें तो नाना पाटेकर की खामोशी इस फिल्म में दर्शकों के दिमाग के साथ मजाक करती है।,neutral,अभनय क बत कर त नन पटकर क खमश इस फलम म दरशक क दमग क सथ मजक करत ह,1
प्रकाश झा ने ऐसी फिल्म के निर्माण से सराहनीय काम किया है।,neutral,परकश झ न ऐस फलम क नरमण स सरहनय कम कय ह,1
